order_date,pred_total_price,recette,pred_total_quantity,quantity
2011-01-07,null,12040,null,2
2011-01-10,null,29500,null,6
2011-01-11,null,30820,null,10
2011-01-12,null,51185,null,19
2011-01-17,null,10470,null,6
2011-01-18,null,29560,null,8
2011-01-20,null,84860,null,24
2011-01-24,null,9910,null,3
2011-01-25,null,59180,null,23
2011-01-26,null,7000,null,1
2011-01-28,null,43925,null,14
2011-02-01,null,47100,null,19
2011-02-04,null,14000,null,5
2011-02-07,null,37015,null,16
2011-02-09,null,3200,null,1
2011-02-10,null,115035,null,37
2011-02-11,null,30380,null,5
2011-02-14,null,5440,null,4
2011-02-15,null,89790,null,36
2011-02-16,null,69610,null,27
2011-02-17,null,18540,null,11
2011-02-18,null,93660,null,25
2011-02-21,null,25780,null,8
2011-02-22,null,152450,null,57
2011-02-28,null,110835,null,40
2011-03-03,null,122835,null,31
2011-03-08,null,3200,null,1
2011-03-09,null,6385,null,2
2011-03-10,null,6680,null,6
2011-03-11,null,22785,null,8
2011-03-15,null,13850,null,3
2011-03-16,null,2060,null,2
2011-03-18,null,27490,null,8
2011-03-21,null,4260,null,1
2011-03-22,null,134340,null,41
2011-03-23,null,40625,null,16
2011-03-24,null,4460,null,4
2011-03-25,null,11830,null,3
2011-03-28,null,29235,null,9
2011-03-31,null,2820,null,2
2011-04-01,null,9830,null,2
2011-04-05,null,113775,null,34
2011-04-06,null,99065,null,38
2011-04-07,null,82660,null,33
2011-04-08,null,1680,null,1
2011-04-11,null,20320,null,4
2011-04-12,null,178450,null,65
2011-04-13,null,43055,null,19
2011-04-14,null,103505,null,39
2011-04-15,null,5970,null,3
2011-04-18,null,87505,null,33
2011-04-19,null,35310,null,14
2011-04-20,null,3785,null,4
2011-04-21,null,18380,null,4
2011-04-22,null,35755,null,17
2011-04-25,null,124340,null,42
2011-04-26,null,103115,null,43
2011-04-27,null,4630,null,2
2011-04-29,null,153745,null,60
2011-05-03,null,30900,null,12
2011-05-04,null,52085,null,20
2011-05-05,null,5210,null,3
2011-05-06,null,18875,null,15
2011-05-10,null,4830,null,2
2011-05-11,null,72890,null,37
2011-05-12,null,75110,null,33
2011-05-13,null,91430,null,28
2011-05-17,null,13000,null,3
2011-05-18,null,8620,null,6
2011-05-19,null,15195,null,6
2011-05-20,null,6430,null,4
2011-05-23,null,26400,null,12
2011-05-24,null,15575,null,8
2011-05-25,null,2820,null,2
2011-05-26,null,46200,null,21
2011-05-27,null,3200,null,1
2011-05-31,null,33650,null,9
2011-06-01,null,74560,null,32
2011-06-02,null,1840,null,2
2011-06-03,null,3200,null,1
2011-06-07,null,7960,null,3
2011-06-08,null,78605,null,26
2011-06-09,null,5330,null,1
2011-06-10,null,119520,null,42
2011-06-16,null,75095,null,22
2011-06-17,null,35455,null,14
2011-06-20,null,33830,null,12
2011-06-21,null,40650,null,12
2011-06-22,null,87075,null,35
2011-06-23,null,12725,null,3
2011-06-24,null,127620,null,43
2011-06-27,null,84215,null,30
2011-06-29,null,68250,null,19
2011-06-30,null,111245,null,43
2011-07-01,null,3200,null,2
2011-07-04,null,8210,null,4
2011-07-05,null,3785,null,2
2011-07-06,null,5330,null,1
2011-07-07,null,55690,null,18
2011-07-08,null,95560,null,36
2011-07-11,null,138690,null,38
2011-07-12,null,13320,null,3
2011-07-13,null,70350,null,19
2011-07-14,null,63475,null,27
2011-07-15,null,64930,null,25
2011-07-19,null,97735,null,43
2011-07-20,null,84520,null,23
2011-07-21,null,6390,null,1
2011-07-22,null,20030,null,6
2011-07-25,null,45100,null,12
2011-07-27,null,2660,null,1
2011-07-28,null,4190,null,4
2011-08-01,null,82140,null,32
2011-08-04,null,44745,null,15
2011-08-08,null,2880,null,2
2011-08-09,null,25500,null,10
2011-08-11,null,18505,null,10
2011-08-12,null,64985,null,28
2011-08-16,null,34230,null,15
2011-08-17,null,4260,null,3
2011-08-19,null,585,null,2
2011-08-22,null,9875,null,2
2011-08-23,null,68835,null,27
2011-08-24,null,44470,null,11
2011-08-26,null,9060,null,2
2011-08-30,null,9060,null,2
2011-09-02,null,30365,null,7
2011-09-06,null,142390,null,45
2011-09-08,null,72105,null,32
2011-09-09,null,1570,null,1
2011-09-13,null,63445,null,22
2011-09-14,null,3750,null,3
2011-09-16,null,74105,null,28
2011-09-19,null,11470,null,3
2011-09-20,null,9590,null,1
2011-09-26,null,71695,null,35
2011-09-27,null,9410,null,4
2011-09-29,null,4800,null,1
2011-09-30,null,24370,null,8
2011-10-04,null,56550,null,14
2011-10-05,null,78695,null,24
2011-10-06,null,1250,null,1
2011-10-10,null,29765,null,14
2011-10-11,null,32030,null,14
2011-10-12,null,66335,null,23
2011-10-13,null,5330,null,1
2011-10-17,null,89150,null,23
2011-10-18,null,87115,null,27
2011-10-19,null,56930,null,21
2011-10-20,null,3200,null,2
2011-10-25,null,49230,null,18
2011-10-26,null,17500,null,5
2011-10-31,null,27395,null,14
2011-11-02,null,8100,null,3
2011-11-07,null,980,null,1
2011-11-08,null,16000,null,7
2011-11-09,null,22480,null,9
2011-11-11,null,19750,null,10
2011-11-14,null,111710,null,30
2011-11-15,null,76185,null,23
2011-11-16,null,83270,null,22
2011-11-17,null,17880,null,10
2011-11-18,null,17340,null,8
2011-11-21,null,62295,null,18
2011-11-22,null,90510,null,34
2011-11-24,null,28130,null,7
2011-11-25,null,5140,null,4
2011-11-29,null,86780,null,28
2011-11-30,null,28295,null,15
2011-12-05,null,18170,null,10
2011-12-07,null,75390,null,33
2011-12-09,null,57710,null,23
2011-12-14,null,51740,null,18
2011-12-20,null,13950,null,6
2011-12-21,null,70500,null,34
2011-12-22,null,6350,null,3
2011-12-28,null,12110,null,4
2012-01-03,null,96585,null,38
2012-01-04,null,9060,null,4
2012-01-06,null,137205,null,33
2012-01-12,null,168490,null,51
2012-01-13,null,1030,null,3
2012-01-17,null,29780,null,11
2012-01-20,null,19240,null,11
2012-01-25,null,4260,null,1
2012-01-27,null,33800,null,15
2012-01-30,null,14055,null,9
2012-01-31,null,20265,null,11
2012-02-01,null,13540,null,4
2012-02-03,null,28100,null,9
2012-02-08,null,13525,null,6
2012-02-09,null,110885,null,39
2012-02-10,null,54635,null,17
2012-02-13,null,5970,null,1
2012-02-14,null,14095,null,9
2012-02-15,null,4950,null,2
2012-02-17,null,50040,null,20
2012-02-20,null,3730,null,1
2012-02-21,null,76465,null,34
2012-02-22,null,3380,null,2
2012-02-23,null,5970,null,1
2012-02-24,null,26450,null,11
2012-02-27,null,7990,null,1
2012-02-28,null,32425,null,15
2012-02-29,null,8600,null,3
2012-03-01,null,137515,null,50
2012-03-02,null,32135,null,13
2012-03-05,null,15380,null,3
2012-03-06,null,12310,null,4
2012-03-07,null,28685,null,10
2012-03-08,null,4605,null,3
2012-03-09,null,7460,null,2
2012-03-12,null,17300,null,4
2012-03-13,null,70695,null,21
2012-03-14,null,18920,null,8
2012-03-15,null,105605,null,38
2012-03-16,null,83895,null,30
2012-03-19,null,44930,null,13
2012-03-20,null,31890,null,13
2012-03-21,null,23570,null,14
2012-03-22,null,31220,null,15
2012-03-26,null,43490,null,17
2012-03-27,null,68955,null,21
2012-03-29,null,65870,null,14
2012-04-02,null,14390,null,3
2012-04-03,null,32060,null,12
2012-04-04,null,93920,null,27
2012-04-05,null,79020,null,29
2012-04-10,null,22940,null,12
2012-04-11,null,71830,null,20
2012-04-12,null,93765,null,25
2012-04-13,null,132950,null,41
2012-04-16,null,1680,null,1
2012-04-17,null,9230,null,4
2012-04-18,null,113700,null,39
2012-04-19,null,65445,null,24
2012-04-20,null,8700,null,4
2012-04-23,null,100490,null,29
2012-04-24,null,142645,null,46
2012-04-25,null,100940,null,32
2012-04-26,null,7320,null,3
2012-04-27,null,37785,null,16
2012-04-30,null,16990,null,6
2012-05-01,null,19640,null,12
2012-05-02,null,4280,null,2
2012-05-03,null,62555,null,18
2012-05-04,null,61600,null,20
2012-05-07,null,145300,null,27
2012-05-08,null,86725,null,34
2012-05-11,null,20500,null,10
2012-05-14,null,60820,null,30
2012-05-15,null,58670,null,21
2012-05-17,null,11400,null,4
2012-05-18,null,7460,null,1
2012-05-21,null,9875,null,2
2012-05-22,null,13100,null,4
2012-05-25,null,11760,null,5
2012-05-28,null,37200,null,17
2012-05-31,null,73890,null,28
2012-06-04,null,26560,null,13
2012-06-05,null,14625,null,8
2012-06-06,null,45685,null,14
2012-06-07,null,8030,null,2
2012-06-08,null,104900,null,41
2012-06-12,null,69010,null,29
2012-06-14,null,20730,null,9
2012-06-15,null,88240,null,31
2012-06-18,null,17245,null,8
2012-06-19,null,126615,null,45
2012-06-20,null,42335,null,16
2012-06-26,null,73050,null,21
2012-06-27,null,43200,null,13
2012-06-29,null,17375,null,8
2012-07-02,null,13175,null,7
2012-07-03,null,106830,null,31
2012-07-04,null,2130,null,1
2012-07-05,null,9135,null,4
2012-07-09,null,1250,null,1
2012-07-10,null,72870,null,30
2012-07-11,null,35600,null,10
2012-07-12,null,53170,null,18
2012-07-13,null,17640,null,6
2012-07-16,null,155730,null,45
2012-07-17,null,63055,null,27
2012-07-18,null,83450,null,36
2012-07-20,null,12425,null,3
2012-07-24,null,60405,null,28
2012-07-25,null,39265,null,22
2012-07-26,null,124385,null,46
2012-07-27,null,104945,null,33
2012-07-31,null,6200,null,3
2012-08-01,null,11075,null,6
2012-08-02,null,69050,null,28
2012-08-03,null,57140,null,26
2012-08-06,null,96810,null,35
2012-08-07,null,129470,null,44
2012-08-08,null,3940,null,1
2012-08-10,null,51705,null,23
2012-08-14,null,13860,null,2
2012-08-15,null,67310,null,29
2012-08-16,null,51615,null,25
2012-08-17,null,4485,null,3
2012-08-21,null,60670,null,20
2012-08-23,null,13750,null,4
2012-08-24,null,35175,null,13
2012-08-27,null,99035,null,32
2012-08-28,null,8230,null,2
2012-08-29,null,45305,null,13
2012-08-30,null,23660,null,5
2012-08-31,null,14390,null,4
2012-09-05,null,29330,null,11
2012-09-06,null,57250,null,26
2012-09-07,null,10740,null,8
2012-09-10,null,5330,null,2
2012-09-12,null,20680,null,9
2012-09-13,null,57760,null,26
2012-09-14,null,26175,null,8
2012-09-18,null,87430,null,29
2012-09-20,null,112475,null,30
2012-09-21,null,30455,null,10
2012-09-25,null,125725,null,41
2012-09-26,null,149310,null,43
2012-09-27,null,1950,null,1
2012-09-28,null,8200,null,1
2012-10-03,null,12515,null,7
2012-10-05,null,7990,null,1
2012-10-08,null,78405,null,27
2012-10-09,null,29160,null,7
2012-10-10,null,25560,null,10
2012-10-11,null,55030,null,17
2012-10-12,null,35695,null,7
2012-10-15,null,54000,null,20
2012-10-16,null,17615,null,7
2012-10-18,null,12360,null,4
2012-10-19,null,8100,null,2
2012-10-22,null,23765,null,9
2012-10-23,null,61610,null,31
2012-10-24,null,5580,null,3
2012-10-31,null,8520,null,2
2012-11-06,null,179695,null,46
2012-11-08,null,15450,null,3
2012-11-12,null,30990,null,9
2012-11-13,null,25330,null,12
2012-11-14,null,3140,null,2
2012-11-15,null,7460,null,5
2012-11-16,null,88055,null,26
2012-11-19,null,62950,null,12
2012-11-21,null,68735,null,27
2012-11-23,null,51215,null,15
2012-11-26,null,1950,null,1
2012-11-27,null,25130,null,6
2012-11-28,null,585,null,1
2012-11-30,null,8150,null,4
2012-12-04,null,67390,null,20
2012-12-07,null,2980,null,2
2012-12-10,null,71300,null,31
2012-12-11,null,22090,null,11
2012-12-12,null,24440,null,11
2012-12-13,null,65250,null,29
2012-12-14,null,61560,null,20
2012-12-18,null,14390,null,3
2012-12-24,null,12190,null,3
2012-12-31,null,2880,null,1
2013-01-01,null,32645,null,16
2013-01-02,null,116110,null,32
2013-01-04,null,56390,null,22
2013-01-07,null,85735,null,31
2013-01-08,null,2130,null,2
2013-01-09,null,10120,null,3
2013-01-11,null,9990,null,6
2013-01-14,null,5110,null,2
2013-01-15,null,18955,null,8
2013-01-17,null,69590,null,32
2013-01-18,null,14390,null,3
2013-01-23,null,87390,null,35
2013-01-24,null,78440,null,23
2013-01-28,null,45400,null,12
2013-01-30,null,46820,null,21
2013-02-01,null,30890,null,8
2013-02-05,null,159725,null,48
2013-02-06,null,11270,null,2
2013-02-07,null,17380,null,8
2013-02-08,null,54375,null,18
2013-02-11,null,58480,null,27
2013-02-12,null,47715,null,20
2013-02-13,null,12810,null,5
2013-02-14,null,35410,null,6
2013-02-15,null,61335,null,24
2013-02-19,null,15230,null,7
2013-02-20,null,6630,null,4
2013-02-27,null,71205,null,30
2013-02-28,null,78435,null,26
2013-03-04,null,68715,null,23
2013-03-05,null,38470,null,12
2013-03-06,null,2770,null,1
2013-03-07,null,75080,null,21
2013-03-08,null,7555,null,4
2013-03-11,null,91040,null,32
2013-03-12,null,304190,null,91
2013-03-13,null,2060,null,1
2013-03-14,null,54495,null,21
2013-03-15,null,41970,null,27
2013-03-18,null,146865,null,60
2013-03-19,null,155595,null,65
2013-03-20,null,21690,null,11
2013-03-21,null,60385,null,22
2013-03-22,null,2130,null,1
2013-03-25,null,30035,null,11
2013-03-26,null,52700,null,15
2013-03-27,null,27090,null,12
2013-03-29,null,52020,null,23
2013-04-01,null,53965,null,27
2013-04-02,null,8740,null,2
2013-04-03,null,815,null,1
2013-04-04,null,67970,null,18
2013-04-05,null,3940,null,1
2013-04-08,null,75620,null,21
2013-04-09,null,4340,null,2
2013-04-10,null,2425,null,3
2013-04-11,null,31310,null,12
2013-04-12,null,98835,null,36
2013-04-16,null,143375,null,46
2013-04-17,null,18645,null,6
2013-04-18,null,71960,null,21
2013-04-19,null,35645,null,18
2013-04-22,null,3295,null,2
2013-04-23,null,61085,null,25
2013-04-25,null,8300,null,4
2013-04-26,null,7080,null,4
2013-04-29,null,77120,null,25
2013-04-30,null,2340,null,2
2013-05-01,null,115235,null,32
2013-05-03,null,69210,null,30
2013-05-06,null,84780,null,34
2013-05-07,null,63795,null,18
2013-05-08,null,33625,null,12
2013-05-09,null,144845,null,50
2013-05-10,null,159090,null,50
2013-05-13,null,9570,null,5
2013-05-14,null,105015,null,32
2013-05-15,null,53025,null,26
2013-05-16,null,31825,null,12
2013-05-17,null,30180,null,12
2013-05-20,null,23070,null,9
2013-05-21,null,189710,null,68
2013-05-22,null,6580,null,4
2013-05-23,null,26640,null,6
2013-05-24,null,45325,null,22
2013-05-27,null,18330,null,4
2013-05-28,null,84205,null,31
2013-05-29,null,11930,null,5
2013-05-30,null,41730,null,14
2013-05-31,null,82590,null,31
2013-06-04,null,50415,null,20
2013-06-05,null,113360,null,27
2013-06-06,null,13545,null,6
2013-06-07,null,78860,null,24
2013-06-11,null,130105,null,57
2013-06-12,null,82435,null,31
2013-06-13,null,175750,null,69
2013-06-17,null,1030,null,1
2013-06-18,null,139610,null,33
2013-06-19,null,85785,null,34
2013-06-20,null,39295,null,12
2013-06-21,null,41805,null,17
2013-06-24,null,29340,null,12
2013-06-25,null,12500,null,3
2013-06-26,null,172280,null,56
2013-06-27,null,55085,null,24
2013-06-28,null,44850,null,16
2013-07-01,null,17260,null,6
2013-07-02,null,15890,null,4
2013-07-03,null,7000,null,1
2013-07-04,null,4800,null,1
2013-07-05,null,72380,null,33
2013-07-09,null,8805,null,3
2013-07-10,null,79650,null,33
2013-07-11,null,90685,null,27
2013-07-12,null,128005,null,35
2013-07-15,null,39785,null,18
2013-07-16,null,88195,null,30
2013-07-17,null,87900,null,33
2013-07-18,null,73055,null,20
2013-07-19,null,147540,null,55
2013-07-22,null,33840,null,13
2013-07-23,null,61465,null,22
2013-07-24,null,41555,null,19
2013-07-25,null,214210,null,50
2013-07-29,null,20405,null,9
2013-07-30,null,160735,null,64
2013-08-01,null,54155,null,25
2013-08-05,null,64575,null,23
2013-08-06,null,27010,null,7
2013-08-08,null,95015,null,36
2013-08-09,null,62755,null,23
2013-08-12,null,59495,null,20
2013-08-13,null,103170,null,36
2013-08-14,null,105750,null,46
2013-08-15,null,13030,null,5
2013-08-16,null,70025,null,29
2013-08-19,null,5335,null,3
2013-08-20,null,22880,null,7
2013-08-21,null,109830,null,37
2013-08-22,null,6930,null,3
2013-08-23,null,45980,null,20
2013-08-27,null,72135,null,33
2013-08-28,null,22650,null,7
2013-08-29,null,8950,null,2
2013-08-30,null,73110,null,18
2013-09-02,null,3200,null,1
2013-09-03,null,18845,null,7
2013-09-04,null,145970,null,57
2013-09-05,null,56650,null,17
2013-09-06,null,3730,null,1
2013-09-11,null,19815,null,7
2013-09-12,null,78760,null,36
2013-09-13,null,130855,null,43
2013-09-16,null,4840,null,5
2013-09-17,null,85195,null,31
2013-09-18,null,30215,null,16
2013-09-19,null,20335,null,8
2013-09-20,null,10650,null,2
2013-09-25,null,75095,null,33
2013-09-27,null,5330,null,1
2013-09-30,null,23635,null,14
2013-10-01,null,83555,null,32
2013-10-02,null,88305,null,34
2013-10-03,null,2060,null,1
2013-10-04,null,4500,null,2
2013-10-07,null,7370,null,3
2013-10-08,null,27330,null,8
2013-10-09,null,32230,null,14
2013-10-10,null,44340,null,19
2013-10-11,null,98955,null,27
2013-10-14,null,92270,null,28
2013-10-15,null,174505,null,48
2013-10-16,null,42165,null,11
2013-10-22,null,18095,null,10
2013-10-23,null,35990,null,17
2013-10-31,null,81980,null,24
2013-11-01,null,166750,null,70
2013-11-04,null,25775,null,6
2013-11-05,null,25900,null,6
2013-11-07,null,5330,null,2
2013-11-13,null,73320,null,35
2013-11-18,null,7640,null,4
2013-11-19,null,45255,null,16
2013-11-21,null,42760,null,11
2013-11-26,null,66740,null,19
2013-11-27,null,82340,null,24
2013-11-28,null,33020,null,11
2013-11-29,null,19855,null,10
2013-12-04,null,1680,null,1
2013-12-06,null,20180,null,5
2013-12-12,null,44110,null,14
2013-12-13,null,23655,null,8
2013-12-16,null,39100,null,12
2013-12-17,null,98365,null,35
2013-12-18,null,47705,null,17
2013-12-24,null,94920,null,42
2013-12-25,null,99945,null,42
2013-12-27,null,37170,null,18
2013-12-30,null,28760,null,11
2013-12-31,null,65915,null,20
2014-01-01,null,18890,null,4
2014-01-03,null,9590,null,1
2014-01-07,null,101065,null,27
2014-01-14,null,45960,null,13
2014-01-15,null,71430,null,30
2014-01-21,null,84885,null,26
2014-01-22,null,117160,null,57
2014-01-24,null,39710,null,20
2014-01-28,null,8450,null,3
2014-01-29,null,102650,null,35
2014-02-03,null,82230,null,25
2014-02-04,null,1750,null,1
2014-02-10,null,1250,null,1
2014-02-11,null,31740,null,10
2014-02-12,null,106100,null,35
2014-02-13,null,18120,null,4
2014-02-14,null,121625,null,33
2014-02-18,null,20315,null,5
2014-02-19,null,142690,null,40
2014-02-20,null,17125,null,10
2014-02-24,null,1030,null,1
2014-02-25,null,47175,null,16
2014-02-26,null,60985,null,25
2014-02-28,null,9975,null,4
2014-03-03,null,23820,null,6
2014-03-04,null,61590,null,26
2014-03-05,null,26485,null,11
2014-03-06,null,96990,null,39
2014-03-07,null,98630,null,44
2014-03-10,null,54080,null,17
2014-03-11,null,11330,null,3
2014-03-12,null,9650,null,3
2014-03-13,null,2240,null,1
2014-03-14,null,980,null,3
2014-03-17,null,64570,null,22
2014-03-18,null,2820,null,2
2014-03-19,null,61010,null,17
2014-03-20,null,3200,null,1
2014-03-21,null,14820,null,3
2014-03-24,null,25120,null,4
2014-03-26,null,95380,null,51
2014-03-27,null,36150,null,9
2014-03-28,null,30360,null,8
2014-03-31,null,8520,null,4
2014-04-01,null,13850,null,4
2014-04-03,null,76705,null,27
2014-04-04,null,11190,null,2
2014-04-07,null,3730,null,1
2014-04-08,null,39440,null,13
2014-04-09,null,79050,null,33
2014-04-10,null,35990,null,10
2014-04-11,null,96335,null,29
2014-04-15,null,135980,null,54
2014-04-16,null,41365,null,16
2014-04-17,null,57315,null,23
2014-04-18,null,32835,null,16
2014-04-21,null,43620,null,16
2014-04-22,null,24090,null,8
2014-04-23,null,1570,null,1
2014-04-24,null,7730,null,6
2014-04-25,null,21990,null,11
2014-04-28,null,2880,null,1
2014-04-30,null,87205,null,35
2014-05-01,null,17745,null,9
2014-05-06,null,20535,null,5
2014-05-08,null,49425,null,23
2014-05-09,null,68465,null,18
2014-05-13,null,79425,null,26
2014-05-14,null,111385,null,42
2014-05-16,null,123570,null,39
2014-05-19,null,36100,null,12
2014-05-20,null,129260,null,38
2014-05-21,null,219735,null,70
2014-05-22,null,78415,null,27
2014-05-23,null,1520,null,1
2014-05-26,null,11300,null,3
2014-05-27,null,22445,null,12
2014-05-28,null,259310,null,91
2014-05-30,null,43905,null,12
2014-06-02,null,17390,null,7
2014-06-04,null,8760,null,4
2014-06-05,null,19940,null,4
2014-06-06,null,16390,null,7
2014-06-09,null,42305,null,13
2014-06-10,null,168630,null,50
2014-06-11,null,13340,null,7
2014-06-12,null,1030,null,1
2014-06-13,null,186375,null,55
2014-06-16,null,22520,null,11
2014-06-17,null,113250,null,42
2014-06-18,null,70485,null,26
2014-06-20,null,17400,null,7
2014-06-24,null,101855,null,38
2014-06-25,null,87155,null,32
2014-06-26,null,4410,null,3
2014-06-27,null,13530,null,5
2014-06-30,null,139990,null,41
2014-07-02,null,26190,null,7
2014-07-03,null,80100,null,36
2014-07-07,null,85670,null,36
2014-07-08,null,135145,null,50
2014-07-09,null,50155,null,16
2014-07-10,null,31605,null,13
2014-07-11,null,69785,null,24
2014-07-15,null,40020,null,26
2014-07-16,null,124470,null,33
2014-07-17,null,92650,null,28
2014-07-18,null,38420,null,14
2014-07-21,null,116525,null,31
2014-07-22,null,52050,null,25
2014-07-23,null,32395,null,14
2014-07-25,null,14360,null,8
2014-07-28,null,21140,null,4
2014-07-29,null,45685,null,19
2014-07-30,null,22910,null,5
2014-07-31,null,98995,null,27
2014-08-04,null,63650,null,25
2014-08-06,null,28120,null,10
2014-08-07,null,2880,null,1
2014-08-08,null,5610,null,3
2014-08-11,null,8600,null,4
2014-08-12,null,96495,null,42
2014-08-13,null,71140,null,25
2014-08-15,null,83335,null,35
2014-08-18,null,42440,null,13
2014-08-19,null,50810,null,14
2014-08-20,null,20775,null,13
2014-08-22,null,19210,null,5
2014-08-26,null,223425,null,66
2014-08-27,null,38825,null,16
2014-08-28,null,29700,null,8
2014-09-01,null,72835,null,32
2014-09-02,null,137200,null,45
2014-09-03,null,29530,null,13
2014-09-04,null,64640,null,23
2014-09-05,null,1680,null,1
2014-09-08,null,3730,null,1
2014-09-09,null,89480,null,35
2014-09-10,null,37210,null,19
2014-09-11,null,10215,null,5
2014-09-12,null,20480,null,12
2014-09-15,null,120160,null,33
2014-09-16,null,52265,null,28
2014-09-17,null,125705,null,40
2014-09-19,null,208675,null,90
2014-09-22,null,49140,null,20
2014-09-23,null,3200,null,1
2014-09-24,null,50930,null,17
2014-09-25,null,28180,null,14
2014-09-26,null,178805,null,45
2014-09-29,null,7460,null,1
2014-09-30,null,71580,null,32
2014-10-01,null,32490,null,15
2014-10-03,null,4260,null,3
2014-10-07,null,7430,null,4
2014-10-09,null,31230,null,11
2014-10-10,null,24990,null,4
2014-10-13,null,47880,null,18
2014-10-14,null,7460,null,1
2014-10-15,null,46945,null,18
2014-10-16,null,51230,null,14
2014-10-17,null,79040,null,33
2014-10-20,null,58145,null,19
2014-10-21,null,2660,null,1
2014-10-22,null,50270,null,16
2014-10-28,null,62760,null,27
2014-10-30,null,69740,null,18
2014-11-05,null,129330,null,41
2014-11-06,null,12130,null,4
2014-11-10,null,22380,null,3
2014-11-12,null,33410,null,10
2014-11-13,null,22410,null,10
2014-11-14,null,2450,null,2
2014-11-17,null,33340,null,14
2014-11-18,null,74985,null,29
2014-11-19,null,25910,null,12
2014-11-20,null,58485,null,26
2014-11-26,null,1560,null,2
2014-12-01,null,34955,null,20
2014-12-03,null,32630,null,8
2014-12-05,null,11910,null,4
2014-12-08,null,20600,null,7
2014-12-09,null,3700,null,2
2014-12-10,null,2340,null,1
2014-12-11,null,33600,null,9
2014-12-12,null,17230,null,5
2014-12-15,null,705,null,1
2015-01-01,null,16430,null,5
2015-01-05,null,28650,null,8
2015-01-06,null,7460,null,1
2015-01-08,null,159450,null,45
2015-01-12,null,4610,null,2
2015-01-13,null,57285,null,27
2015-01-16,null,84230,null,29
2015-01-19,null,66260,null,17
2015-01-20,null,97545,null,36
2015-01-22,null,26285,null,5
2015-01-26,null,29435,null,10
2015-01-27,null,119445,null,28
2015-01-28,null,1410,null,1
2015-01-29,null,43745,null,17
2015-02-03,null,3200,null,2
2015-02-04,null,17160,null,6
2015-02-06,null,17890,null,7
2015-02-09,null,72960,null,24
2015-02-10,null,73615,null,23
2015-02-11,null,43760,null,17
2015-02-12,null,43190,null,14
2015-02-13,null,77505,null,37
2015-02-16,null,97680,null,36
2015-02-17,null,24145,null,13
2015-02-18,null,157595,null,40
2015-02-19,null,18000,null,11
2015-02-20,null,52050,null,17
2015-02-23,null,83085,null,34
2015-02-24,null,5410,null,3
2015-02-25,null,160780,null,58
2015-02-26,null,38280,null,15
2015-02-27,null,31050,null,7
2015-03-02,null,65760,null,15
2015-03-03,null,26235,null,13
2015-03-04,null,55200,null,17
2015-03-05,null,186650,null,63
2015-03-10,null,72320,null,16
2015-03-11,null,62820,null,16
2015-03-12,null,178175,null,48
2015-03-13,null,148840,null,46
2015-03-16,null,9940,null,5
2015-03-17,null,82055,null,29
2015-03-18,null,24760,null,6
2015-03-19,null,177920,null,44
2015-03-20,null,37505,null,9
2015-03-23,null,5315,null,4
2015-03-24,null,18155,null,13
2015-03-25,null,103820,null,47
2015-03-26,null,77850,null,27
2015-03-30,null,64725,null,18
2015-03-31,null,64860,null,29
2015-04-01,null,82060,null,23
2015-04-02,null,9560,null,3
2015-04-06,null,132645,null,52
2015-04-07,null,121505,null,41
2015-04-08,null,108355,null,52
2015-04-09,null,46875,null,19
2015-04-10,null,17870,null,11
2015-04-13,null,7670,null,6
2015-04-14,null,74640,null,28
2015-04-15,null,5855,null,4
2015-04-16,null,175680,null,53
2015-04-17,null,80305,null,22
2015-04-20,null,64990,null,19
2015-04-21,null,65755,null,23
2015-04-22,null,129775,null,50
2015-04-23,null,15870,null,4
2015-04-24,null,75490,null,17
2015-04-27,null,157760,null,58
2015-04-28,null,84110,null,34
2015-04-29,null,111495,null,33
2015-04-30,null,118940,null,42
2015-05-01,null,107410,null,43
2015-05-04,null,32910,null,12
2015-05-05,null,1840,null,1
2015-05-06,null,78080,null,18
2015-05-07,null,50370,null,15
2015-05-08,null,43295,null,21
2015-05-12,null,171690,null,53
2015-05-13,null,8040,null,3
2015-05-14,null,105825,null,36
2015-05-15,null,73170,null,28
2015-05-18,null,78215,null,32
2015-05-19,null,146925,null,57
2015-05-20,null,116130,null,39
2015-05-21,null,106460,null,31
2015-05-22,null,61890,null,25
2015-05-25,null,11190,null,1
2015-05-26,null,130240,null,33
2015-05-27,null,200385,null,68
2015-05-28,null,57785,null,22
2015-06-01,null,2660,null,1
2015-06-04,null,231425,null,72
2015-06-05,null,109880,null,46
2015-06-08,null,66960,null,26
2015-06-09,null,51640,null,22
2015-06-10,null,815,null,1
2015-06-11,null,60540,null,20
2015-06-12,null,46520,null,19
2015-06-15,null,44610,null,11
2015-06-16,null,84940,null,23
2015-06-17,null,124475,null,57
2015-06-18,null,19010,null,10
2015-06-19,null,11960,null,6
2015-06-22,null,83210,null,19
2015-06-23,null,147980,null,53
2015-06-24,null,61775,null,16
2015-06-25,null,18740,null,10
2015-06-26,null,9590,null,2
2015-06-29,null,34810,null,12
2015-06-30,null,182975,null,67
2015-07-01,null,33875,null,10
2015-07-02,null,7680,null,2
2015-07-06,null,88020,null,36
2015-07-07,null,15275,null,10
2015-07-08,null,70495,null,17
2015-07-09,null,23320,null,7
2015-07-10,null,12250,null,3
2015-07-13,null,99070,null,30
2015-07-14,null,120760,null,32
2015-07-15,null,66715,null,25
2015-07-16,null,3335,null,3
2015-07-17,null,17285,null,13
2015-07-20,null,62035,null,28
2015-07-21,null,88170,null,29
2015-07-22,null,15305,null,7
2015-07-24,null,53500,null,20
2015-07-27,null,9590,null,1
2015-07-28,null,25580,null,3
2015-07-30,null,16160,null,8
2015-08-04,null,30275,null,11
2015-08-05,null,14210,null,3
2015-08-06,null,3730,null,1
2015-08-07,null,143240,null,52
2015-08-11,null,28705,null,12
2015-08-12,null,48250,null,12
2015-08-14,null,39985,null,13
2015-08-17,null,22300,null,5
2015-08-18,null,86295,null,32
2015-08-19,null,22905,null,8
2015-08-21,null,18240,null,8
2015-08-24,null,585,null,1
2015-08-25,null,37810,null,17
2015-08-26,null,26475,null,16
2015-08-28,null,75570,null,27
2015-08-31,null,99665,null,45
2015-09-01,null,38435,null,15
2015-09-02,null,12730,null,12
2015-09-03,null,1960,null,1
2015-09-04,null,16330,null,3
2015-09-07,null,4900,null,2
2015-09-08,null,89245,null,27
2015-09-09,null,26295,null,13
2015-09-10,null,8490,null,3
2015-09-11,null,5520,null,6
2015-09-14,null,8340,null,4
2015-09-15,null,17510,null,6
2015-09-17,null,14830,null,9
2015-09-21,null,7990,null,1
2015-09-22,null,128860,null,29
2015-09-23,null,70775,null,30
2015-09-25,null,9830,null,3
2015-09-29,null,56805,null,24
2015-09-30,null,5330,null,1
2015-10-02,null,86045,null,26
2015-10-06,null,31175,null,12
2015-10-07,null,47925,null,24
2015-10-09,null,73635,null,38
2015-10-12,null,56070,null,22
2015-10-14,null,63470,null,32
2015-10-15,null,51910,null,23
2015-10-16,null,24530,null,8
2015-10-21,null,91100,null,25
2015-10-22,null,4770,null,2
2015-10-23,null,78365,null,24
2015-10-26,null,815,null,1
2015-10-28,null,9110,null,5
2015-10-29,null,21215,null,10
2015-11-02,null,6400,null,2
2015-11-03,null,9590,null,1
2015-11-04,null,84955,null,34
2015-11-05,null,22275,null,8
2015-11-06,null,120605,null,35
2015-11-09,null,124830,null,44
2015-11-10,null,46415,null,25
2015-11-11,null,6255,null,5
2015-11-12,null,5330,null,1
2015-11-13,null,51085,null,18
2015-11-16,null,49160,null,25
2015-11-17,null,63235,null,25
2015-11-18,null,13245,null,7
2015-11-19,null,26710,null,12
2015-11-20,null,1250,null,1
2015-11-24,null,32385,null,15
2015-11-25,null,64540,null,31
2015-11-26,null,10700,null,5
2015-11-27,null,12330,null,4
2015-11-30,null,8450,null,3
2015-12-02,null,58910,null,22
2015-12-04,null,76555,null,31
2015-12-09,null,82595,null,25
2015-12-10,null,26050,null,11
2015-12-16,null,44005,null,19
2015-12-17,null,133410,null,35
2015-12-18,null,3960,null,2
2015-12-22,null,76635,null,24
2015-12-23,null,105580,null,35
2015-12-24,null,2660,null,1
2015-12-25,null,24930,null,8
2015-12-26,41769.734485351655,41769.734485351655,15.007523300354961,15.007523300354961
2015-12-27,41777.705967659735,41777.705967659735,15.010237231475596,15.010237231475596
2015-12-28,41785.67744996781,41785.67744996781,15.012951162596229,15.012951162596229
2015-12-29,41793.648932275886,41793.648932275886,15.015665093716862,15.015665093716862
2015-12-30,41801.62041458396,41801.62041458396,15.018379024837497,15.018379024837497
2015-12-31,41809.59189689203,41809.59189689203,15.02109295595813,15.02109295595813
2016-01-01,41817.56337920011,41817.56337920011,15.023806887078765,15.023806887078765
2016-01-02,41825.53486150818,41825.53486150818,15.026520818199398,15.026520818199398
2016-01-03,41833.50634381626,41833.50634381626,15.02923474932003,15.02923474932003
2016-01-04,41841.477826124334,41841.477826124334,15.031948680440665,15.031948680440665
2016-01-05,41849.449308432406,41849.449308432406,15.034662611561298,15.034662611561298
2016-01-06,41857.420790740485,41857.420790740485,15.037376542681931,15.037376542681931
2016-01-07,41865.39227304856,41865.39227304856,15.040090473802566,15.040090473802566
2016-01-08,41873.36375535663,41873.36375535663,15.0428044049232,15.0428044049232
2016-01-09,41881.33523766471,41881.33523766471,15.045518336043832,15.045518336043832
2016-01-10,41889.30671997278,41889.30671997278,15.048232267164467,15.048232267164467
2016-01-11,41897.27820228086,41897.27820228086,15.0509461982851,15.0509461982851
2016-01-12,41905.24968458893,41905.24968458893,15.053660129405733,15.053660129405733
2016-01-13,41913.221166897005,41913.221166897005,15.056374060526368,15.056374060526368
2016-01-14,41921.192649205084,41921.192649205084,15.059087991647,15.059087991647
2016-01-15,41929.16413151316,41929.16413151316,15.061801922767636,15.061801922767636
2016-01-16,41937.135613821236,41937.135613821236,15.064515853888269,15.064515853888269
2016-01-17,41945.10709612931,41945.10709612931,15.067229785008902,15.067229785008902
2016-01-18,41953.07857843738,41953.07857843738,15.069943716129536,15.069943716129536
2016-01-19,41961.05006074546,41961.05006074546,15.07265764725017,15.07265764725017
2016-01-20,41969.02154305353,41969.02154305353,15.075371578370802,15.075371578370802
2016-01-21,41976.99302536161,41976.99302536161,15.078085509491437,15.078085509491437
2016-01-22,41984.96450766968,41984.96450766968,15.08079944061207,15.08079944061207
2016-01-23,41992.935989977756,41992.935989977756,15.083513371732703,15.083513371732703
2016-01-24,42000.907472285835,42000.907472285835,15.086227302853338,15.086227302853338
2016-01-25,42008.87895459391,42008.87895459391,15.088941233973971,15.088941233973971
2016-01-26,42016.85043690199,42016.85043690199,15.091655165094606,15.091655165094606
2016-01-27,42024.82191921006,42024.82191921006,15.094369096215239,15.094369096215239
2016-01-28,42032.79340151813,42032.79340151813,15.097083027335872,15.097083027335872
2016-01-29,42040.76488382621,42040.76488382621,15.099796958456507,15.099796958456507
2016-01-30,42048.73636613428,42048.73636613428,15.10251088957714,15.10251088957714
2016-01-31,42056.707848442355,42056.707848442355,15.105224820697773,15.105224820697773
2016-02-01,42064.679330750434,42064.679330750434,15.107938751818407,15.107938751818407
2016-02-02,42072.650813058506,42072.650813058506,15.11065268293904,15.11065268293904
2016-02-03,42080.622295366586,42080.622295366586,15.113366614059673,15.113366614059673
2016-02-04,42088.59377767466,42088.59377767466,15.116080545180308,15.116080545180308
2016-02-05,42096.56525998273,42096.56525998273,15.118794476300941,15.118794476300941
2016-02-06,42104.53674229081,42104.53674229081,15.121508407421574,15.121508407421574
2016-02-07,42112.50822459888,42112.50822459888,15.124222338542209,15.124222338542209
2016-02-08,42120.47970690696,42120.47970690696,15.126936269662842,15.126936269662842
2016-02-09,42128.45118921503,42128.45118921503,15.129650200783477,15.129650200783477
2016-02-10,42136.422671523105,42136.422671523105,15.13236413190411,15.13236413190411
2016-02-11,42144.394153831185,42144.394153831185,15.135078063024743,15.135078063024743
2016-02-12,42152.36563613926,42152.36563613926,15.137791994145378,15.137791994145378
2016-02-13,42160.337118447336,42160.337118447336,15.14050592526601,15.14050592526601
2016-02-14,42168.30860075541,42168.30860075541,15.143219856386644,15.143219856386644
2016-02-15,42176.28008306348,42176.28008306348,15.145933787507278,15.145933787507278
2016-02-16,42184.25156537156,42184.25156537156,15.148647718627911,15.148647718627911
2016-02-17,42192.22304767963,42192.22304767963,15.151361649748544,15.151361649748544
2016-02-18,42200.19452998771,42200.19452998771,15.15407558086918,15.15407558086918
2016-02-19,42208.166012295784,42208.166012295784,15.156789511989812,15.156789511989812
2016-02-20,42216.137494603856,42216.137494603856,15.159503443110447,15.159503443110447
2016-02-21,42224.108976911935,42224.108976911935,15.16221737423108,15.16221737423108
2016-02-22,42232.08045922001,42232.08045922001,15.164931305351713,15.164931305351713
2016-02-23,42240.05194152809,42240.05194152809,15.167645236472348,15.167645236472348
2016-02-24,42248.02342383616,42248.02342383616,15.17035916759298,15.17035916759298
2016-02-25,42255.99490614423,42255.99490614423,15.173073098713614,15.173073098713614
2016-02-26,42263.96638845231,42263.96638845231,15.175787029834249,15.175787029834249
2016-02-27,42271.93787076038,42271.93787076038,15.178500960954882,15.178500960954882
2016-02-28,42279.909353068455,42279.909353068455,15.181214892075515,15.181214892075515
2016-02-29,42287.880835376534,42287.880835376534,15.18392882319615,15.18392882319615
2016-03-01,42295.85231768461,42295.85231768461,15.186642754316782,15.186642754316782
2016-03-02,42303.823799992686,42303.823799992686,15.189356685437415,15.189356685437415
2016-03-03,42311.79528230076,42311.79528230076,15.19207061655805,15.19207061655805
2016-03-04,42319.76676460883,42319.76676460883,15.194784547678683,15.194784547678683
2016-03-05,42327.73824691691,42327.73824691691,15.197498478799318,15.197498478799318
2016-03-06,42335.70972922498,42335.70972922498,15.200212409919951,15.200212409919951
2016-03-07,42343.68121153306,42343.68121153306,15.202926341040584,15.202926341040584
2016-03-08,42351.65269384113,42351.65269384113,15.205640272161219,15.205640272161219
2016-03-09,42359.624176149206,42359.624176149206,15.208354203281852,15.208354203281852
2016-03-10,42367.595658457285,42367.595658457285,15.211068134402485,15.211068134402485
2016-03-11,42375.56714076536,42375.56714076536,15.21378206552312,15.21378206552312
2016-03-12,42383.53862307344,42383.53862307344,15.216495996643753,15.216495996643753
2016-03-13,42391.51010538151,42391.51010538151,15.219209927764386,15.219209927764386
2016-03-14,42399.48158768958,42399.48158768958,15.22192385888502,15.22192385888502
2016-03-15,42407.45306999766,42407.45306999766,15.224637790005653,15.224637790005653
2016-03-16,42415.42455230573,42415.42455230573,15.227351721126288,15.227351721126288
2016-03-17,42423.396034613805,42423.396034613805,15.230065652246921,15.230065652246921
2016-03-18,42431.367516921884,42431.367516921884,15.232779583367554,15.232779583367554
2016-03-19,42439.338999229956,42439.338999229956,15.235493514488189,15.235493514488189
2016-03-20,42447.310481538036,42447.310481538036,15.238207445608822,15.238207445608822
2016-03-21,42455.28196384611,42455.28196384611,15.240921376729455,15.240921376729455
2016-03-22,42463.25344615418,42463.25344615418,15.24363530785009,15.24363530785009
2016-03-23,42471.22492846226,42471.22492846226,15.246349238970723,15.246349238970723
2016-03-24,42479.19641077033,42479.19641077033,15.249063170091356,15.249063170091356
2016-03-25,42487.16789307841,42487.16789307841,15.25177710121199,15.25177710121199
2016-03-26,42495.13937538648,42495.13937538648,15.254491032332623,15.254491032332623
2016-03-27,42503.110857694555,42503.110857694555,15.257204963453258,15.257204963453258
2016-03-28,42511.082340002635,42511.082340002635,15.259918894573891,15.259918894573891
2016-03-29,42519.05382231071,42519.05382231071,15.262632825694524,15.262632825694524
2016-03-30,42527.025304618786,42527.025304618786,15.265346756815159,15.265346756815159
2016-03-31,42534.99678692686,42534.99678692686,15.268060687935792,15.268060687935792
2016-04-01,42542.96826923493,42542.96826923493,15.270774619056425,15.270774619056425
2016-04-02,42550.93975154301,42550.93975154301,15.27348855017706,15.27348855017706
2016-04-03,42558.91123385108,42558.91123385108,15.276202481297693,15.276202481297693
2016-04-04,42566.88271615916,42566.88271615916,15.278916412418326,15.278916412418326
2016-04-05,42574.854198467234,42574.854198467234,15.28163034353896,15.28163034353896
2016-04-06,42582.825680775306,42582.825680775306,15.284344274659594,15.284344274659594
2016-04-07,42590.797163083385,42590.797163083385,15.287058205780227,15.287058205780227
2016-04-08,42598.76864539146,42598.76864539146,15.289772136900861,15.289772136900861
2016-04-09,42606.74012769954,42606.74012769954,15.292486068021494,15.292486068021494
2016-04-10,42614.71161000761,42614.71161000761,15.29519999914213,15.29519999914213
2016-04-11,42622.68309231568,42622.68309231568,15.297913930262762,15.297913930262762
2016-04-12,42630.65457462376,42630.65457462376,15.300627861383395,15.300627861383395
2016-04-13,42638.62605693183,42638.62605693183,15.30334179250403,15.30334179250403
2016-04-14,42646.597539239905,42646.597539239905,15.306055723624663,15.306055723624663
2016-04-15,42654.569021547984,42654.569021547984,15.308769654745296,15.308769654745296
2016-04-16,42662.54050385606,42662.54050385606,15.31148358586593,15.31148358586593
2016-04-17,42670.511986164136,42670.511986164136,15.314197516986564,15.314197516986564
2016-04-18,42678.48346847221,42678.48346847221,15.316911448107197,15.316911448107197
2016-04-19,42686.45495078028,42686.45495078028,15.319625379227832,15.319625379227832
2016-04-20,42694.42643308836,42694.42643308836,15.322339310348465,15.322339310348465
2016-04-21,42702.39791539643,42702.39791539643,15.3250532414691,15.3250532414691
2016-04-22,42710.36939770451,42710.36939770451,15.327767172589732,15.327767172589732
2016-04-23,42718.34088001258,42718.34088001258,15.330481103710365,15.330481103710365
2016-04-24,42726.312362320656,42726.312362320656,15.333195034831,15.333195034831
2016-04-25,42734.283844628735,42734.283844628735,15.335908965951633,15.335908965951633
2016-04-26,42742.25532693681,42742.25532693681,15.338622897072266,15.338622897072266
2016-04-27,42750.22680924489,42750.22680924489,15.341336828192901,15.341336828192901
2016-04-28,42758.19829155296,42758.19829155296,15.344050759313534,15.344050759313534
2016-04-29,42766.16977386103,42766.16977386103,15.346764690434167,15.346764690434167
2016-04-30,42774.14125616911,42774.14125616911,15.349478621554802,15.349478621554802
2016-05-01,42782.11273847718,42782.11273847718,15.352192552675435,15.352192552675435
2016-05-02,42790.08422078526,42790.08422078526,15.354906483796068,15.354906483796068
2016-05-03,42798.055703093334,42798.055703093334,15.357620414916703,15.357620414916703
2016-05-04,42806.027185401406,42806.027185401406,15.360334346037336,15.360334346037336
2016-05-05,42813.998667709486,42813.998667709486,15.36304827715797,15.36304827715797
2016-05-06,42821.97015001756,42821.97015001756,15.365762208278603,15.365762208278603
2016-05-07,42829.94163232563,42829.94163232563,15.368476139399236,15.368476139399236
2016-05-08,42837.91311463371,42837.91311463371,15.371190070519871,15.371190070519871
2016-05-09,42845.88459694178,42845.88459694178,15.373904001640504,15.373904001640504
2016-05-10,42853.85607924986,42853.85607924986,15.376617932761137,15.376617932761137
2016-05-11,42861.82756155793,42861.82756155793,15.379331863881772,15.379331863881772
2016-05-12,42869.799043866005,42869.799043866005,15.382045795002405,15.382045795002405
2016-05-13,42877.770526174085,42877.770526174085,15.384759726123038,15.384759726123038
2016-05-14,42885.74200848216,42885.74200848216,15.387473657243673,15.387473657243673
2016-05-15,42893.71349079024,42893.71349079024,15.390187588364306,15.390187588364306
2016-05-16,42901.68497309831,42901.68497309831,15.39290151948494,15.39290151948494
2016-05-17,42909.65645540638,42909.65645540638,15.395615450605574,15.395615450605574
2016-05-18,42917.62793771446,42917.62793771446,15.398329381726207,15.398329381726207
2016-05-19,42925.59942002253,42925.59942002253,15.401043312846841,15.401043312846841
2016-05-20,42933.57090233061,42933.57090233061,15.403757243967474,15.403757243967474
2016-05-21,42941.542384638684,42941.542384638684,15.406471175088107,15.406471175088107
2016-05-22,42949.513866946756,42949.513866946756,15.409185106208742,15.409185106208742
2016-05-23,42957.485349254835,42957.485349254835,15.411899037329375,15.411899037329375
2016-05-24,42965.45683156291,42965.45683156291,15.414612968450008,15.414612968450008
2016-05-25,42973.42831387099,42973.42831387099,15.417326899570643,15.417326899570643
2016-05-26,42981.39979617906,42981.39979617906,15.420040830691276,15.420040830691276
2016-05-27,42989.37127848713,42989.37127848713,15.422754761811909,15.422754761811909
2016-05-28,42997.34276079521,42997.34276079521,15.425468692932544,15.425468692932544
2016-05-29,43005.31424310328,43005.31424310328,15.428182624053177,15.428182624053177
2016-05-30,43013.285725411355,43013.285725411355,15.430896555173812,15.430896555173812
2016-05-31,43021.257207719435,43021.257207719435,15.433610486294445,15.433610486294445
2016-06-01,43029.22869002751,43029.22869002751,15.436324417415078,15.436324417415078
2016-06-02,43037.200172335586,43037.200172335586,15.439038348535712,15.439038348535712
2016-06-03,43045.17165464366,43045.17165464366,15.441752279656345,15.441752279656345
2016-06-04,43053.14313695173,43053.14313695173,15.444466210776978,15.444466210776978
2016-06-05,43061.11461925981,43061.11461925981,15.447180141897613,15.447180141897613
2016-06-06,43069.08610156788,43069.08610156788,15.449894073018246,15.449894073018246
2016-06-07,43077.05758387596,43077.05758387596,15.45260800413888,15.45260800413888
2016-06-08,43085.02906618403,43085.02906618403,15.455321935259514,15.455321935259514
2016-06-09,43093.000548492106,43093.000548492106,15.458035866380147,15.458035866380147
2016-06-10,43100.972030800185,43100.972030800185,15.460749797500782,15.460749797500782
2016-06-11,43108.94351310826,43108.94351310826,15.463463728621415,15.463463728621415
2016-06-12,43116.91499541634,43116.91499541634,15.466177659742048,15.466177659742048
2016-06-13,43124.88647772441,43124.88647772441,15.468891590862683,15.468891590862683
2016-06-14,43132.85796003248,43132.85796003248,15.471605521983316,15.471605521983316
2016-06-15,43140.82944234056,43140.82944234056,15.474319453103949,15.474319453103949
2016-06-16,43148.80092464863,43148.80092464863,15.477033384224583,15.477033384224583
2016-06-17,43156.77240695671,43156.77240695671,15.479747315345216,15.479747315345216
2016-06-18,43164.743889264784,43164.743889264784,15.48246124646585,15.48246124646585
2016-06-19,43172.71537157286,43172.71537157286,15.485175177586484,15.485175177586484
2016-06-20,43180.686853880936,43180.686853880936,15.487889108707117,15.487889108707117
2016-06-21,43188.65833618901,43188.65833618901,15.49060303982775,15.49060303982775
2016-06-22,43196.62981849708,43196.62981849708,15.493316970948385,15.493316970948385
2016-06-23,43204.60130080516,43204.60130080516,15.496030902069018,15.496030902069018
2016-06-24,43212.57278311323,43212.57278311323,15.498744833189653,15.498744833189653
2016-06-25,43220.54426542131,43220.54426542131,15.501458764310286,15.501458764310286
2016-06-26,43228.51574772938,43228.51574772938,15.504172695430919,15.504172695430919
2016-06-27,43236.487230037455,43236.487230037455,15.506886626551553,15.506886626551553
2016-06-28,43244.458712345535,43244.458712345535,15.509600557672186,15.509600557672186
2016-06-29,43252.43019465361,43252.43019465361,15.51231448879282,15.51231448879282
2016-06-30,43260.40167696169,43260.40167696169,15.515028419913454,15.515028419913454
2016-07-01,43268.37315926976,43268.37315926976,15.517742351034087,15.517742351034087
2016-07-02,43276.34464157783,43276.34464157783,15.52045628215472,15.52045628215472
2016-07-03,43284.31612388591,43284.31612388591,15.523170213275355,15.523170213275355
2016-07-04,43292.28760619398,43292.28760619398,15.525884144395988,15.525884144395988
2016-07-05,43300.25908850206,43300.25908850206,15.528598075516623,15.528598075516623
2016-07-06,43308.230570810134,43308.230570810134,15.531312006637256,15.531312006637256
2016-07-07,43316.202053118206,43316.202053118206,15.534025937757889,15.534025937757889
2016-07-08,43324.173535426286,43324.173535426286,15.536739868878524,15.536739868878524
2016-07-09,43332.14501773436,43332.14501773436,15.539453799999157,15.539453799999157
2016-07-10,43340.11650004244,43340.11650004244,15.54216773111979,15.54216773111979
2016-07-11,43348.08798235051,43348.08798235051,15.544881662240424,15.544881662240424
2016-07-12,43356.05946465858,43356.05946465858,15.547595593361057,15.547595593361057
2016-07-13,43364.03094696666,43364.03094696666,15.55030952448169,15.55030952448169
2016-07-14,43372.00242927473,43372.00242927473,15.553023455602325,15.553023455602325
2016-07-15,43379.97391158281,43379.97391158281,15.555737386722958,15.555737386722958
2016-07-16,43387.945393890885,43387.945393890885,15.558451317843591,15.558451317843591
2016-07-17,43395.91687619896,43395.91687619896,15.561165248964226,15.561165248964226
2016-07-18,43403.888358507036,43403.888358507036,15.563879180084859,15.563879180084859
2016-07-19,43411.85984081511,43411.85984081511,15.566593111205494,15.566593111205494
2016-07-20,43419.83132312318,43419.83132312318,15.569307042326127,15.569307042326127
2016-07-21,43427.80280543126,43427.80280543126,15.57202097344676,15.57202097344676
2016-07-22,43435.77428773933,43435.77428773933,15.574734904567395,15.574734904567395
2016-07-23,43443.74577004741,43443.74577004741,15.577448835688028,15.577448835688028
2016-07-24,43451.717252355484,43451.717252355484,15.58016276680866,15.58016276680866
2016-07-25,43459.688734663556,43459.688734663556,15.582876697929295,15.582876697929295
2016-07-26,43467.660216971635,43467.660216971635,15.585590629049928,15.585590629049928
2016-07-27,43475.63169927971,43475.63169927971,15.588304560170561,15.588304560170561
2016-07-28,43483.60318158779,43483.60318158779,15.591018491291196,15.591018491291196
2016-07-29,43491.57466389586,43491.57466389586,15.59373242241183,15.59373242241183
2016-07-30,43499.54614620393,43499.54614620393,15.596446353532464,15.596446353532464
2016-07-31,43507.51762851201,43507.51762851201,15.599160284653097,15.599160284653097
2016-08-01,43515.48911082008,43515.48911082008,15.60187421577373,15.60187421577373
2016-08-02,43523.46059312816,43523.46059312816,15.604588146894365,15.604588146894365
2016-08-03,43531.432075436234,43531.432075436234,15.607302078014998,15.607302078014998
2016-08-04,43539.40355774431,43539.40355774431,15.61001600913563,15.61001600913563
2016-08-05,43547.375040052386,43547.375040052386,15.612729940256266,15.612729940256266
2016-08-06,43555.34652236046,43555.34652236046,15.615443871376899,15.615443871376899
2016-08-07,43563.31800466853,43563.31800466853,15.618157802497532,15.618157802497532
2016-08-08,43571.28948697661,43571.28948697661,15.620871733618166,15.620871733618166
2016-08-09,43579.26096928468,43579.26096928468,15.6235856647388,15.6235856647388
2016-08-10,43587.23245159276,43587.23245159276,15.626299595859432,15.626299595859432
2016-08-11,43595.20393390083,43595.20393390083,15.629013526980067,15.629013526980067
2016-08-12,43603.175416208906,43603.175416208906,15.6317274581007,15.6317274581007
2016-08-13,43611.146898516985,43611.146898516985,15.634441389221335,15.634441389221335
2016-08-14,43619.11838082506,43619.11838082506,15.637155320341968,15.637155320341968
2016-08-15,43627.08986313314,43627.08986313314,15.639869251462601,15.639869251462601
2016-08-16,43635.06134544121,43635.06134544121,15.642583182583236,15.642583182583236
2016-08-17,43643.03282774928,43643.03282774928,15.645297113703869,15.645297113703869
2016-08-18,43651.00431005736,43651.00431005736,15.648011044824502,15.648011044824502
2016-08-19,43658.97579236543,43658.97579236543,15.650724975945137,15.650724975945137
2016-08-20,43666.94727467351,43666.94727467351,15.65343890706577,15.65343890706577
2016-08-21,43674.918756981584,43674.918756981584,15.656152838186403,15.656152838186403
2016-08-22,43682.890239289656,43682.890239289656,15.658866769307037,15.658866769307037
2016-08-23,43690.861721597736,43690.861721597736,15.66158070042767,15.66158070042767
2016-08-24,43698.83320390581,43698.83320390581,15.664294631548305,15.664294631548305
2016-08-25,43706.80468621389,43706.80468621389,15.667008562668938,15.667008562668938
2016-08-26,43714.77616852196,43714.77616852196,15.669722493789571,15.669722493789571
2016-08-27,43722.74765083003,43722.74765083003,15.672436424910206,15.672436424910206
2016-08-28,43730.71913313811,43730.71913313811,15.675150356030839,15.675150356030839
2016-08-29,43738.69061544618,43738.69061544618,15.677864287151472,15.677864287151472
2016-08-30,43746.66209775426,43746.66209775426,15.680578218272107,15.680578218272107
2016-08-31,43754.633580062335,43754.633580062335,15.68329214939274,15.68329214939274
2016-09-01,43762.60506237041,43762.60506237041,15.686006080513373,15.686006080513373
2016-09-02,43770.576544678486,43770.576544678486,15.688720011634008,15.688720011634008
2016-09-03,43778.54802698656,43778.54802698656,15.69143394275464,15.69143394275464
2016-09-04,43786.51950929463,43786.51950929463,15.694147873875274,15.694147873875274
2016-09-05,43794.49099160271,43794.49099160271,15.696861804995908,15.696861804995908
2016-09-06,43802.46247391078,43802.46247391078,15.699575736116541,15.699575736116541
2016-09-07,43810.43395621886,43810.43395621886,15.702289667237176,15.702289667237176
2016-09-08,43818.405438526934,43818.405438526934,15.70500359835781,15.70500359835781
2016-09-09,43826.376920835006,43826.376920835006,15.707717529478442,15.707717529478442
2016-09-10,43834.348403143085,43834.348403143085,15.710431460599077,15.710431460599077
2016-09-11,43842.31988545116,43842.31988545116,15.71314539171971,15.71314539171971
2016-09-12,43850.29136775924,43850.29136775924,15.715859322840343,15.715859322840343
2016-09-13,43858.26285006731,43858.26285006731,15.718573253960978,15.718573253960978
2016-09-14,43866.23433237538,43866.23433237538,15.72128718508161,15.72128718508161
2016-09-15,43874.20581468346,43874.20581468346,15.724001116202244,15.724001116202244
2016-09-16,43882.17729699153,43882.17729699153,15.726715047322879,15.726715047322879
2016-09-17,43890.14877929961,43890.14877929961,15.729428978443512,15.729428978443512
2016-09-18,43898.120261607684,43898.120261607684,15.732142909564146,15.732142909564146
2016-09-19,43906.09174391576,43906.09174391576,15.73485684068478,15.73485684068478
2016-09-20,43914.063226223836,43914.063226223836,15.737570771805412,15.737570771805412
2016-09-21,43922.03470853191,43922.03470853191,15.740284702926047,15.740284702926047
2016-09-22,43930.00619083998,43930.00619083998,15.74299863404668,15.74299863404668
2016-09-23,43937.97767314806,43937.97767314806,15.745712565167313,15.745712565167313
2016-09-24,43945.94915545613,43945.94915545613,15.748426496287948,15.748426496287948
2016-09-25,43953.92063776421,43953.92063776421,15.751140427408581,15.751140427408581
2016-09-26,43961.89212007228,43961.89212007228,15.753854358529214,15.753854358529214
2016-09-27,43969.863602380356,43969.863602380356,15.756568289649849,15.756568289649849
2016-09-28,43977.835084688435,43977.835084688435,15.759282220770482,15.759282220770482
2016-09-29,43985.80656699651,43985.80656699651,15.761996151891115,15.761996151891115
2016-09-30,43993.77804930459,43993.77804930459,15.76471008301175,15.76471008301175
2016-10-01,44001.74953161266,44001.74953161266,15.767424014132382,15.767424014132382
2016-10-02,44009.72101392073,44009.72101392073,15.770137945253017,15.770137945253017
2016-10-03,44017.69249622881,44017.69249622881,15.77285187637365,15.77285187637365
2016-10-04,44025.66397853688,44025.66397853688,15.775565807494283,15.775565807494283
2016-10-05,44033.63546084496,44033.63546084496,15.778279738614918,15.778279738614918
2016-10-06,44041.606943153034,44041.606943153034,15.780993669735551,15.780993669735551
2016-10-07,44049.578425461106,44049.578425461106,15.783707600856184,15.783707600856184
2016-10-08,44057.549907769186,44057.549907769186,15.786421531976819,15.786421531976819
2016-10-09,44065.52139007726,44065.52139007726,15.789135463097452,15.789135463097452
2016-10-10,44073.49287238534,44073.49287238534,15.791849394218085,15.791849394218085
2016-10-11,44081.46435469341,44081.46435469341,15.79456332533872,15.79456332533872
2016-10-12,44089.43583700148,44089.43583700148,15.797277256459353,15.797277256459353
2016-10-13,44097.40731930956,44097.40731930956,15.799991187579987,15.799991187579987
2016-10-14,44105.37880161763,44105.37880161763,15.80270511870062,15.80270511870062
2016-10-15,44113.35028392571,44113.35028392571,15.805419049821253,15.805419049821253
2016-10-16,44121.321766233785,44121.321766233785,15.808132980941888,15.808132980941888
2016-10-17,44129.29324854186,44129.29324854186,15.810846912062521,15.810846912062521
2016-10-18,44137.264730849936,44137.264730849936,15.813560843183154,15.813560843183154
2016-10-19,44145.23621315801,44145.23621315801,15.816274774303789,15.816274774303789
2016-10-20,44153.20769546609,44153.20769546609,15.818988705424422,15.818988705424422
2016-10-21,44161.17917777416,44161.17917777416,15.821702636545055,15.821702636545055
2016-10-22,44169.15066008223,44169.15066008223,15.82441656766569,15.82441656766569
2016-10-23,44177.12214239031,44177.12214239031,15.827130498786323,15.827130498786323
2016-10-24,44185.093624698384,44185.093624698384,15.829844429906956,15.829844429906956
2016-10-25,44193.065107006456,44193.065107006456,15.83255836102759,15.83255836102759
2016-10-26,44201.036589314535,44201.036589314535,15.835272292148224,15.835272292148224
2016-10-27,44209.00807162261,44209.00807162261,15.837986223268858,15.837986223268858
2016-10-28,44216.97955393069,44216.97955393069,15.840700154389491,15.840700154389491
2016-10-29,44224.95103623876,44224.95103623876,15.843414085510124,15.843414085510124
2016-10-30,44232.92251854683,44232.92251854683,15.84612801663076,15.84612801663076
2016-10-31,44240.89400085491,44240.89400085491,15.848841947751392,15.848841947751392
2016-11-01,44248.86548316298,44248.86548316298,15.851555878872025,15.851555878872025
2016-11-02,44256.83696547106,44256.83696547106,15.85426980999266,15.85426980999266
2016-11-03,44264.808447779134,44264.808447779134,15.856983741113293,15.856983741113293
2016-11-04,44272.77993008721,44272.77993008721,15.859697672233926,15.859697672233926
2016-11-05,44280.751412395286,44280.751412395286,15.86241160335456,15.86241160335456
2016-11-06,44288.72289470336,44288.72289470336,15.865125534475194,15.865125534475194
2016-11-07,44296.69437701143,44296.69437701143,15.867839465595829,15.867839465595829
2016-11-08,44304.66585931951,44304.66585931951,15.870553396716462,15.870553396716462
2016-11-09,44312.63734162758,44312.63734162758,15.873267327837095,15.873267327837095
2016-11-10,44320.60882393566,44320.60882393566,15.87598125895773,15.87598125895773
2016-11-11,44328.58030624373,44328.58030624373,15.878695190078362,15.878695190078362
2016-11-12,44336.551788551806,44336.551788551806,15.881409121198995,15.881409121198995
2016-11-13,44344.523270859885,44344.523270859885,15.88412305231963,15.88412305231963
2016-11-14,44352.49475316796,44352.49475316796,15.886836983440263,15.886836983440263
2016-11-15,44360.46623547604,44360.46623547604,15.889550914560896,15.889550914560896
2016-11-16,44368.43771778411,44368.43771778411,15.892264845681531,15.892264845681531
2016-11-17,44376.40920009218,44376.40920009218,15.894978776802164,15.894978776802164
2016-11-18,44384.38068240026,44384.38068240026,15.897692707922797,15.897692707922797
2016-11-19,44392.35216470833,44392.35216470833,15.900406639043432,15.900406639043432
2016-11-20,44400.32364701641,44400.32364701641,15.903120570164065,15.903120570164065
2016-11-21,44408.295129324484,44408.295129324484,15.9058345012847,15.9058345012847
2016-11-22,44416.266611632556,44416.266611632556,15.908548432405333,15.908548432405333
2016-11-23,44424.238093940636,44424.238093940636,15.911262363525966,15.911262363525966
2016-11-24,44432.20957624871,44432.20957624871,15.9139762946466,15.9139762946466
2016-11-25,44440.18105855679,44440.18105855679,15.916690225767233,15.916690225767233
2016-11-26,44448.15254086486,44448.15254086486,15.919404156887866,15.919404156887866
2016-11-27,44456.12402317293,44456.12402317293,15.922118088008501,15.922118088008501
2016-11-28,44464.09550548101,44464.09550548101,15.924832019129134,15.924832019129134
2016-11-29,44472.06698778908,44472.06698778908,15.927545950249767,15.927545950249767
2016-11-30,44480.03847009716,44480.03847009716,15.930259881370402,15.930259881370402
2016-12-01,44488.009952405235,44488.009952405235,15.932973812491035,15.932973812491035
2016-12-02,44495.98143471331,44495.98143471331,15.93568774361167,15.93568774361167
2016-12-03,44503.95291702139,44503.95291702139,15.938401674732303,15.938401674732303
2016-12-04,44511.92439932946,44511.92439932946,15.941115605852936,15.941115605852936
2016-12-05,44519.89588163754,44519.89588163754,15.94382953697357,15.94382953697357
2016-12-06,44527.86736394561,44527.86736394561,15.946543468094204,15.946543468094204
2016-12-07,44535.83884625368,44535.83884625368,15.949257399214837,15.949257399214837
2016-12-08,44543.81032856176,44543.81032856176,15.951971330335471,15.951971330335471
2016-12-09,44551.781810869834,44551.781810869834,15.954685261456104,15.954685261456104
2016-12-10,44559.753293177906,44559.753293177906,15.957399192576737,15.957399192576737
2016-12-11,44567.724775485985,44567.724775485985,15.960113123697372,15.960113123697372
2016-12-12,44575.69625779406,44575.69625779406,15.962827054818005,15.962827054818005
2016-12-13,44583.66774010214,44583.66774010214,15.965540985938638,15.965540985938638
2016-12-14,44591.63922241021,44591.63922241021,15.968254917059273,15.968254917059273
2016-12-15,44599.61070471828,44599.61070471828,15.970968848179906,15.970968848179906
2016-12-16,44607.58218702636,44607.58218702636,15.97368277930054,15.97368277930054
2016-12-17,44615.55366933443,44615.55366933443,15.976396710421174,15.976396710421174
2016-12-18,44623.52515164251,44623.52515164251,15.979110641541807,15.979110641541807
2016-12-19,44631.496633950585,44631.496633950585,15.981824572662441,15.981824572662441
2016-12-20,44639.46811625866,44639.46811625866,15.984538503783075,15.984538503783075
2016-12-21,44647.439598566736,44647.439598566736,15.987252434903708,15.987252434903708
2016-12-22,44655.41108087481,44655.41108087481,15.989966366024342,15.989966366024342
2016-12-23,44663.38256318289,44663.38256318289,15.992680297144975,15.992680297144975
2016-12-24,44671.35404549096,44671.35404549096,15.995394228265608,15.995394228265608
2016-12-25,44679.32552779903,44679.32552779903,15.998108159386243,15.998108159386243
2016-12-26,44687.29701010711,44687.29701010711,16.000822090506876,16.000822090506876
2016-12-27,44695.26849241518,44695.26849241518,16.00353602162751,16.00353602162751
2016-12-28,44703.239974723256,44703.239974723256,16.006249952748142,16.006249952748142
2016-12-29,44711.211457031335,44711.211457031335,16.008963883868777,16.008963883868777
2016-12-30,44719.18293933941,44719.18293933941,16.01167781498941,16.01167781498941
2016-12-31,44727.15442164749,44727.15442164749,16.014391746110043,16.014391746110043
2017-01-01,44735.12590395556,44735.12590395556,16.017105677230678,16.017105677230678
2017-01-02,44743.09738626363,44743.09738626363,16.019819608351312,16.019819608351312
2017-01-03,44751.06886857171,44751.06886857171,16.022533539471944,16.022533539471944
2017-01-04,44759.04035087978,44759.04035087978,16.02524747059258,16.02524747059258
2017-01-05,44767.01183318786,44767.01183318786,16.027961401713213,16.027961401713213
2017-01-06,44774.983315495934,44774.983315495934,16.030675332833848,16.030675332833848
2017-01-07,44782.95479780401,44782.95479780401,16.03338926395448,16.03338926395448
2017-01-08,44790.926280112086,44790.926280112086,16.036103195075114,16.036103195075114
2017-01-09,44798.89776242016,44798.89776242016,16.03881712619575,16.03881712619575
2017-01-10,44806.86924472824,44806.86924472824,16.04153105731638,16.04153105731638
2017-01-11,44814.84072703631,44814.84072703631,16.044244988437015,16.044244988437015
2017-01-12,44822.81220934438,44822.81220934438,16.04695891955765,16.04695891955765
2017-01-13,44830.78369165246,44830.78369165246,16.04967285067828,16.04967285067828
2017-01-14,44838.75517396053,44838.75517396053,16.052386781798916,16.052386781798916
2017-01-15,44846.72665626861,44846.72665626861,16.05510071291955,16.05510071291955
2017-01-16,44854.698138576685,44854.698138576685,16.05781464404018,16.05781464404018
2017-01-17,44862.66962088476,44862.66962088476,16.060528575160816,16.060528575160816
2017-01-18,44870.64110319284,44870.64110319284,16.06324250628145,16.06324250628145
2017-01-19,44878.61258550091,44878.61258550091,16.065956437402082,16.065956437402082
2017-01-20,44886.58406780899,44886.58406780899,16.068670368522717,16.068670368522717
2017-01-21,44894.55555011706,44894.55555011706,16.071384299643352,16.071384299643352
2017-01-22,44902.52703242513,44902.52703242513,16.074098230763983,16.074098230763983
2017-01-23,44910.49851473321,44910.49851473321,16.076812161884618,16.076812161884618
2017-01-24,44918.469997041284,44918.469997041284,16.079526093005253,16.079526093005253
2017-01-25,44926.441479349356,44926.441479349356,16.082240024125888,16.082240024125888
2017-01-26,44934.412961657436,44934.412961657436,16.08495395524652,16.08495395524652
2017-01-27,44942.38444396551,44942.38444396551,16.087667886367154,16.087667886367154
2017-01-28,44950.35592627359,44950.35592627359,16.09038181748779,16.09038181748779
2017-01-29,44958.32740858166,44958.32740858166,16.09309574860842,16.09309574860842
2017-01-30,44966.29889088973,44966.29889088973,16.095809679729054,16.095809679729054
2017-01-31,44974.27037319781,44974.27037319781,16.09852361084969,16.09852361084969
2017-02-01,44982.24185550588,44982.24185550588,16.10123754197032,16.10123754197032
2017-02-02,44990.21333781396,44990.21333781396,16.103951473090955,16.103951473090955
2017-02-03,44998.184820122035,44998.184820122035,16.10666540421159,16.10666540421159
2017-02-04,45006.15630243011,45006.15630243011,16.10937933533222,16.10937933533222
2017-02-05,45014.127784738186,45014.127784738186,16.112093266452856,16.112093266452856
2017-02-06,45022.09926704626,45022.09926704626,16.11480719757349,16.11480719757349
2017-02-07,45030.07074935434,45030.07074935434,16.117521128694122,16.117521128694122
2017-02-08,45038.04223166241,45038.04223166241,16.120235059814757,16.120235059814757
2017-02-09,45046.01371397048,45046.01371397048,16.12294899093539,16.12294899093539
2017-02-10,45053.98519627856,45053.98519627856,16.125662922056023,16.125662922056023
2017-02-11,45061.956678586634,45061.956678586634,16.128376853176658,16.128376853176658
2017-02-12,45069.928160894706,45069.928160894706,16.131090784297292,16.131090784297292
2017-02-13,45077.899643202785,45077.899643202785,16.133804715417924,16.133804715417924
2017-02-14,45085.87112551086,45085.87112551086,16.13651864653856,16.13651864653856
2017-02-15,45093.84260781894,45093.84260781894,16.139232577659193,16.139232577659193
2017-02-16,45101.81409012701,45101.81409012701,16.141946508779824,16.141946508779824
2017-02-17,45109.78557243508,45109.78557243508,16.14466043990046,16.14466043990046
2017-02-18,45117.75705474316,45117.75705474316,16.147374371021094,16.147374371021094
2017-02-19,45125.72853705123,45125.72853705123,16.150088302141725,16.150088302141725
2017-02-20,45133.70001935931,45133.70001935931,16.15280223326236,16.15280223326236
2017-02-21,45141.671501667384,45141.671501667384,16.155516164382995,16.155516164382995
2017-02-22,45149.64298397546,45149.64298397546,16.158230095503626,16.158230095503626
2017-02-23,45157.614466283536,45157.614466283536,16.16094402662426,16.16094402662426
2017-02-24,45165.58594859161,45165.58594859161,16.163657957744896,16.163657957744896
2017-02-25,45173.55743089969,45173.55743089969,16.16637188886553,16.16637188886553
2017-02-26,45181.52891320776,45181.52891320776,16.16908581998616,16.16908581998616
2017-02-27,45189.50039551583,45189.50039551583,16.171799751106796,16.171799751106796
2017-02-28,45197.47187782391,45197.47187782391,16.17451368222743,16.17451368222743
2017-03-01,45205.44336013198,45205.44336013198,16.177227613348062,16.177227613348062
2017-03-02,45213.41484244006,45213.41484244006,16.179941544468697,16.179941544468697
2017-03-03,45221.386324748135,45221.386324748135,16.182655475589332,16.182655475589332
2017-03-04,45229.35780705621,45229.35780705621,16.185369406709963,16.185369406709963
2017-03-05,45237.32928936429,45237.32928936429,16.188083337830598,16.188083337830598
2017-03-06,45245.30077167236,45245.30077167236,16.190797268951233,16.190797268951233
2017-03-07,45253.27225398044,45253.27225398044,16.193511200071864,16.193511200071864
2017-03-08,45261.24373628851,45261.24373628851,16.1962251311925,16.1962251311925
2017-03-09,45269.21521859658,45269.21521859658,16.198939062313134,16.198939062313134
2017-03-10,45277.18670090466,45277.18670090466,16.201652993433765,16.201652993433765
2017-03-11,45285.158183212734,45285.158183212734,16.2043669245544,16.2043669245544
2017-03-12,45293.12966552081,45293.12966552081,16.207080855675034,16.207080855675034
2017-03-13,45301.101147828886,45301.101147828886,16.209794786795666,16.209794786795666
2017-03-14,45309.07263013696,45309.07263013696,16.2125087179163,16.2125087179163
2017-03-15,45317.04411244504,45317.04411244504,16.215222649036935,16.215222649036935
2017-03-16,45325.01559475311,45325.01559475311,16.21793658015757,16.21793658015757
2017-03-17,45332.98707706118,45332.98707706118,16.2206505112782,16.2206505112782
2017-03-18,45340.95855936926,45340.95855936926,16.223364442398836,16.223364442398836
2017-03-19,45348.93004167733,45348.93004167733,16.22607837351947,16.22607837351947
2017-03-20,45356.90152398541,45356.90152398541,16.228792304640102,16.228792304640102
2017-03-21,45364.873006293485,45364.873006293485,16.231506235760737,16.231506235760737
2017-03-22,45372.84448860156,45372.84448860156,16.23422016688137,16.23422016688137
2017-03-23,45380.815970909636,45380.815970909636,16.236934098002003,16.236934098002003
2017-03-24,45388.78745321771,45388.78745321771,16.239648029122637,16.239648029122637
2017-03-25,45396.75893552579,45396.75893552579,16.242361960243272,16.242361960243272
2017-03-26,45404.73041783386,45404.73041783386,16.245075891363904,16.245075891363904
2017-03-27,45412.70190014193,45412.70190014193,16.24778982248454,16.24778982248454
2017-03-28,45420.67338245001,45420.67338245001,16.250503753605173,16.250503753605173
2017-03-29,45428.644864758084,45428.644864758084,16.253217684725804,16.253217684725804
2017-03-30,45436.616347066156,45436.616347066156,16.25593161584644,16.25593161584644
2017-03-31,45444.587829374235,45444.587829374235,16.258645546967074,16.258645546967074
2017-04-01,45452.55931168231,45452.55931168231,16.261359478087705,16.261359478087705
2017-04-02,45460.53079399039,45460.53079399039,16.26407340920834,16.26407340920834
2017-04-03,45468.50227629846,45468.50227629846,16.266787340328975,16.266787340328975
2017-04-04,45476.47375860653,45476.47375860653,16.269501271449606,16.269501271449606
2017-04-05,45484.44524091461,45484.44524091461,16.27221520257024,16.27221520257024
2017-04-06,45492.41672322268,45492.41672322268,16.274929133690875,16.274929133690875
2017-04-07,45500.38820553076,45500.38820553076,16.277643064811507,16.277643064811507
2017-04-08,45508.359687838834,45508.359687838834,16.28035699593214,16.28035699593214
2017-04-09,45516.33117014691,45516.33117014691,16.283070927052776,16.283070927052776
2017-04-10,45524.302652454986,45524.302652454986,16.285784858173407,16.285784858173407
2017-04-11,45532.27413476306,45532.27413476306,16.288498789294042,16.288498789294042
2017-04-12,45540.24561707114,45540.24561707114,16.291212720414677,16.291212720414677
2017-04-13,45548.21709937921,45548.21709937921,16.29392665153531,16.29392665153531
2017-04-14,45556.18858168728,45556.18858168728,16.296640582655943,16.296640582655943
2017-04-15,45564.16006399536,45564.16006399536,16.299354513776578,16.299354513776578
2017-04-16,45572.13154630343,45572.13154630343,16.302068444897213,16.302068444897213
2017-04-17,45580.10302861151,45580.10302861151,16.304782376017844,16.304782376017844
2017-04-18,45588.074510919585,45588.074510919585,16.30749630713848,16.30749630713848
2017-04-19,45596.04599322766,45596.04599322766,16.310210238259113,16.310210238259113
2017-04-20,45604.01747553574,45604.01747553574,16.312924169379745,16.312924169379745
2017-04-21,45611.98895784381,45611.98895784381,16.31563810050038,16.31563810050038
2017-04-22,45619.96044015189,45619.96044015189,16.318352031621014,16.318352031621014
2017-04-23,45627.93192245996,45627.93192245996,16.321065962741645,16.321065962741645
2017-04-24,45635.90340476803,45635.90340476803,16.32377989386228,16.32377989386228
2017-04-25,45643.87488707611,45643.87488707611,16.326493824982915,16.326493824982915
2017-04-26,45651.846369384184,45651.846369384184,16.329207756103546,16.329207756103546
2017-04-27,45659.81785169226,45659.81785169226,16.33192168722418,16.33192168722418
2017-04-28,45667.789334000336,45667.789334000336,16.334635618344816,16.334635618344816
2017-04-29,45675.76081630841,45675.76081630841,16.337349549465447,16.337349549465447
2017-04-30,45683.73229861649,45683.73229861649,16.340063480586082,16.340063480586082
2017-05-01,45691.70378092456,45691.70378092456,16.342777411706717,16.342777411706717
2017-05-02,45699.67526323263,45699.67526323263,16.345491342827348,16.345491342827348
2017-05-03,45707.64674554071,45707.64674554071,16.348205273947983,16.348205273947983
2017-05-04,45715.61822784878,45715.61822784878,16.350919205068617,16.350919205068617
2017-05-05,45723.58971015686,45723.58971015686,16.353633136189252,16.353633136189252
2017-05-06,45731.561192464935,45731.561192464935,16.356347067309883,16.356347067309883
2017-05-07,45739.53267477301,45739.53267477301,16.359060998430518,16.359060998430518
2017-05-08,45747.504157081086,45747.504157081086,16.361774929551153,16.361774929551153
2017-05-09,45755.47563938916,45755.47563938916,16.364488860671784,16.364488860671784
2017-05-10,45763.44712169724,45763.44712169724,16.36720279179242,16.36720279179242
2017-05-11,45771.41860400531,45771.41860400531,16.369916722913054,16.369916722913054
2017-05-12,45779.39008631338,45779.39008631338,16.372630654033685,16.372630654033685
2017-05-13,45787.36156862146,45787.36156862146,16.37534458515432,16.37534458515432
2017-05-14,45795.333050929534,45795.333050929534,16.378058516274955,16.378058516274955
2017-05-15,45803.30453323761,45803.30453323761,16.380772447395586,16.380772447395586
2017-05-16,45811.276015545685,45811.276015545685,16.38348637851622,16.38348637851622
2017-05-17,45819.24749785376,45819.24749785376,16.386200309636855,16.386200309636855
2017-05-18,45827.21898016184,45827.21898016184,16.388914240757487,16.388914240757487
2017-05-19,45835.19046246991,45835.19046246991,16.39162817187812,16.39162817187812
2017-05-20,45843.16194477798,45843.16194477798,16.394342102998756,16.394342102998756
2017-05-21,45851.13342708606,45851.13342708606,16.397056034119387,16.397056034119387
2017-05-22,45859.10490939413,45859.10490939413,16.399769965240022,16.399769965240022
2017-05-23,45867.07639170221,45867.07639170221,16.402483896360657,16.402483896360657
2017-05-24,45875.047874010284,45875.047874010284,16.405197827481288,16.405197827481288
2017-05-25,45883.01935631836,45883.01935631836,16.407911758601923,16.407911758601923
2017-05-26,45890.990838626436,45890.990838626436,16.410625689722558,16.410625689722558
2017-05-27,45898.96232093451,45898.96232093451,16.41333962084319,16.41333962084319
2017-05-28,45906.93380324259,45906.93380324259,16.416053551963824,16.416053551963824
2017-05-29,45914.90528555066,45914.90528555066,16.41876748308446,16.41876748308446
2017-05-30,45922.87676785873,45922.87676785873,16.42148141420509,16.42148141420509
2017-05-31,45930.84825016681,45930.84825016681,16.424195345325725,16.424195345325725
2017-06-01,45938.81973247488,45938.81973247488,16.42690927644636,16.42690927644636
2017-06-02,45946.79121478296,45946.79121478296,16.42962320756699,16.42962320756699
2017-06-03,45954.762697091035,45954.762697091035,16.432337138687625,16.432337138687625
2017-06-04,45962.73417939911,45962.73417939911,16.43505106980826,16.43505106980826
2017-06-05,45970.70566170719,45970.70566170719,16.437765000928895,16.437765000928895
2017-06-06,45978.67714401526,45978.67714401526,16.440478932049526,16.440478932049526
2017-06-07,45986.64862632334,45986.64862632334,16.44319286317016,16.44319286317016
2017-06-08,45994.62010863141,45994.62010863141,16.445906794290796,16.445906794290796
2017-06-09,46002.59159093948,46002.59159093948,16.448620725411427,16.448620725411427
2017-06-10,46010.56307324756,46010.56307324756,16.45133465653206,16.45133465653206
2017-06-11,46018.534555555634,46018.534555555634,16.454048587652697,16.454048587652697
2017-06-12,46026.50603786371,46026.50603786371,16.456762518773328,16.456762518773328
2017-06-13,46034.477520171786,46034.477520171786,16.459476449893963,16.459476449893963
2017-06-14,46042.44900247986,46042.44900247986,16.462190381014597,16.462190381014597
2017-06-15,46050.42048478794,46050.42048478794,16.46490431213523,16.46490431213523
2017-06-16,46058.39196709601,46058.39196709601,16.467618243255863,16.467618243255863
2017-06-17,46066.36344940409,46066.36344940409,16.470332174376498,16.470332174376498
2017-06-18,46074.33493171216,46074.33493171216,16.47304610549713,16.47304610549713
2017-06-19,46082.30641402023,46082.30641402023,16.475760036617764,16.475760036617764
2017-06-20,46090.27789632831,46090.27789632831,16.4784739677384,16.4784739677384
2017-06-21,46098.249378636385,46098.249378636385,16.48118789885903,16.48118789885903
2017-06-22,46106.22086094446,46106.22086094446,16.483901829979665,16.483901829979665
2017-06-23,46114.19234325254,46114.19234325254,16.4866157611003,16.4866157611003
2017-06-24,46122.16382556061,46122.16382556061,16.489329692220934,16.489329692220934
2017-06-25,46130.13530786869,46130.13530786869,16.492043623341566,16.492043623341566
2017-06-26,46138.10679017676,46138.10679017676,16.4947575544622,16.4947575544622
2017-06-27,46146.07827248483,46146.07827248483,16.497471485582835,16.497471485582835
2017-06-28,46154.04975479291,46154.04975479291,16.500185416703467,16.500185416703467
2017-06-29,46162.021237100984,46162.021237100984,16.5028993478241,16.5028993478241
2017-06-30,46169.992719409056,46169.992719409056,16.505613278944736,16.505613278944736
2017-07-01,46177.964201717135,46177.964201717135,16.508327210065367,16.508327210065367
2017-07-02,46185.93568402521,46185.93568402521,16.511041141186002,16.511041141186002
2017-07-03,46193.90716633329,46193.90716633329,16.513755072306637,16.513755072306637
2017-07-04,46201.87864864136,46201.87864864136,16.516469003427268,16.516469003427268
2017-07-05,46209.85013094943,46209.85013094943,16.519182934547903,16.519182934547903
2017-07-06,46217.82161325751,46217.82161325751,16.521896865668538,16.521896865668538
2017-07-07,46225.79309556558,46225.79309556558,16.52461079678917,16.52461079678917
2017-07-08,46233.76457787366,46233.76457787366,16.527324727909804,16.527324727909804
2017-07-09,46241.736060181735,46241.736060181735,16.53003865903044,16.53003865903044
2017-07-10,46249.70754248981,46249.70754248981,16.53275259015107,16.53275259015107
2017-07-11,46257.679024797886,46257.679024797886,16.535466521271704,16.535466521271704
2017-07-12,46265.65050710596,46265.65050710596,16.53818045239234,16.53818045239234
2017-07-13,46273.62198941404,46273.62198941404,16.54089438351297,16.54089438351297
2017-07-14,46281.59347172211,46281.59347172211,16.543608314633605,16.543608314633605
2017-07-15,46289.56495403018,46289.56495403018,16.54632224575424,16.54632224575424
2017-07-16,46297.53643633826,46297.53643633826,16.54903617687487,16.54903617687487
2017-07-17,46305.50791864633,46305.50791864633,16.551750107995506,16.551750107995506
2017-07-18,46313.47940095441,46313.47940095441,16.55446403911614,16.55446403911614
2017-07-19,46321.450883262485,46321.450883262485,16.557177970236772,16.557177970236772
2017-07-20,46329.42236557056,46329.42236557056,16.559891901357407,16.559891901357407
2017-07-21,46337.39384787864,46337.39384787864,16.56260583247804,16.56260583247804
2017-07-22,46345.36533018671,46345.36533018671,16.565319763598673,16.565319763598673
2017-07-23,46353.33681249479,46353.33681249479,16.568033694719308,16.568033694719308
2017-07-24,46361.30829480286,46361.30829480286,16.570747625839942,16.570747625839942
2017-07-25,46369.27977711093,46369.27977711093,16.573461556960577,16.573461556960577
2017-07-26,46377.25125941901,46377.25125941901,16.57617548808121,16.57617548808121
2017-07-27,46385.222741727084,46385.222741727084,16.578889419201843,16.578889419201843
2017-07-28,46393.194224035164,46393.194224035164,16.581603350322478,16.581603350322478
2017-07-29,46401.165706343236,46401.165706343236,16.58431728144311,16.58431728144311
2017-07-30,46409.13718865131,46409.13718865131,16.587031212563744,16.587031212563744
2017-07-31,46417.10867095939,46417.10867095939,16.58974514368438,16.58974514368438
2017-08-01,46425.08015326746,46425.08015326746,16.59245907480501,16.59245907480501
2017-08-02,46433.05163557554,46433.05163557554,16.595173005925645,16.595173005925645
2017-08-03,46441.02311788361,46441.02311788361,16.59788693704628,16.59788693704628
2017-08-04,46448.99460019168,46448.99460019168,16.60060086816691,16.60060086816691
2017-08-05,46456.96608249976,46456.96608249976,16.603314799287546,16.603314799287546
2017-08-06,46464.937564807835,46464.937564807835,16.60602873040818,16.60602873040818
2017-08-07,46472.90904711591,46472.90904711591,16.60874266152881,16.60874266152881
2017-08-08,46480.88052942399,46480.88052942399,16.611456592649446,16.611456592649446
2017-08-09,46488.85201173206,46488.85201173206,16.61417052377008,16.61417052377008
2017-08-10,46496.82349404014,46496.82349404014,16.616884454890712,16.616884454890712
2017-08-11,46504.79497634821,46504.79497634821,16.619598386011347,16.619598386011347
2017-08-12,46512.76645865628,46512.76645865628,16.622312317131982,16.622312317131982
2017-08-13,46520.73794096436,46520.73794096436,16.625026248252617,16.625026248252617
2017-08-14,46528.709423272434,46528.709423272434,16.627740179373248,16.627740179373248
2017-08-15,46536.68090558051,46536.68090558051,16.630454110493883,16.630454110493883
2017-08-16,46544.652387888586,46544.652387888586,16.633168041614518,16.633168041614518
2017-08-17,46552.62387019666,46552.62387019666,16.63588197273515,16.63588197273515
2017-08-18,46560.59535250474,46560.59535250474,16.638595903855784,16.638595903855784
2017-08-19,46568.56683481281,46568.56683481281,16.64130983497642,16.64130983497642
2017-08-20,46576.53831712088,46576.53831712088,16.64402376609705,16.64402376609705
2017-08-21,46584.50979942896,46584.50979942896,16.646737697217684,16.646737697217684
2017-08-22,46592.48128173703,46592.48128173703,16.64945162833832,16.64945162833832
2017-08-23,46600.45276404511,46600.45276404511,16.65216555945895,16.65216555945895
2017-08-24,46608.424246353185,46608.424246353185,16.654879490579585,16.654879490579585
2017-08-25,46616.39572866126,46616.39572866126,16.65759342170022,16.65759342170022
2017-08-26,46624.367210969336,46624.367210969336,16.66030735282085,16.66030735282085
2017-08-27,46632.33869327741,46632.33869327741,16.663021283941486,16.663021283941486
2017-08-28,46640.31017558549,46640.31017558549,16.66573521506212,16.66573521506212
2017-08-29,46648.28165789356,46648.28165789356,16.668449146182752,16.668449146182752
2017-08-30,46656.25314020163,46656.25314020163,16.671163077303387,16.671163077303387
2017-08-31,46664.22462250971,46664.22462250971,16.67387700842402,16.67387700842402
2017-09-01,46672.19610481778,46672.19610481778,16.676590939544653,16.676590939544653
2017-09-02,46680.16758712586,46680.16758712586,16.679304870665288,16.679304870665288
2017-09-03,46688.139069433935,46688.139069433935,16.682018801785922,16.682018801785922
2017-09-04,46696.11055174201,46696.11055174201,16.684732732906554,16.684732732906554
2017-09-05,46704.08203405009,46704.08203405009,16.68744666402719,16.68744666402719
2017-09-06,46712.05351635816,46712.05351635816,16.690160595147823,16.690160595147823
2017-09-07,46720.02499866624,46720.02499866624,16.692874526268454,16.692874526268454
2017-09-08,46727.99648097431,46727.99648097431,16.69558845738909,16.69558845738909
2017-09-09,46735.96796328238,46735.96796328238,16.698302388509724,16.698302388509724
2017-09-10,46743.93944559046,46743.93944559046,16.70101631963036,16.70101631963036
2017-09-11,46751.910927898534,46751.910927898534,16.70373025075099,16.70373025075099
2017-09-12,46759.882410206614,46759.882410206614,16.706444181871625,16.706444181871625
2017-09-13,46767.853892514686,46767.853892514686,16.70915811299226,16.70915811299226
2017-09-14,46775.82537482276,46775.82537482276,16.71187204411289,16.71187204411289
2017-09-15,46783.79685713084,46783.79685713084,16.714585975233526,16.714585975233526
2017-09-16,46791.76833943891,46791.76833943891,16.71729990635416,16.71729990635416
2017-09-17,46799.73982174699,46799.73982174699,16.72001383747479,16.72001383747479
2017-09-18,46807.71130405506,46807.71130405506,16.722727768595426,16.722727768595426
2017-09-19,46815.68278636313,46815.68278636313,16.72544169971606,16.72544169971606
2017-09-20,46823.65426867121,46823.65426867121,16.728155630836692,16.728155630836692
2017-09-21,46831.625750979285,46831.625750979285,16.730869561957327,16.730869561957327
2017-09-22,46839.597233287364,46839.597233287364,16.733583493077962,16.733583493077962
2017-09-23,46847.56871559544,46847.56871559544,16.736297424198593,16.736297424198593
2017-09-24,46855.54019790351,46855.54019790351,16.739011355319228,16.739011355319228
2017-09-25,46863.51168021159,46863.51168021159,16.741725286439863,16.741725286439863
2017-09-26,46871.48316251966,46871.48316251966,16.744439217560494,16.744439217560494
2017-09-27,46879.45464482773,46879.45464482773,16.74715314868113,16.74715314868113
2017-09-28,46887.42612713581,46887.42612713581,16.749867079801763,16.749867079801763
2017-09-29,46895.397609443884,46895.397609443884,16.752581010922395,16.752581010922395
2017-09-30,46903.36909175196,46903.36909175196,16.75529494204303,16.75529494204303
2017-10-01,46911.340574060036,46911.340574060036,16.758008873163664,16.758008873163664
2017-10-02,46919.31205636811,46919.31205636811,16.7607228042843,16.7607228042843
2017-10-03,46927.28353867619,46927.28353867619,16.76343673540493,16.76343673540493
2017-10-04,46935.25502098426,46935.25502098426,16.766150666525565,16.766150666525565
2017-10-05,46943.22650329233,46943.22650329233,16.7688645976462,16.7688645976462
2017-10-06,46951.19798560041,46951.19798560041,16.77157852876683,16.77157852876683
2017-10-07,46959.16946790848,46959.16946790848,16.774292459887466,16.774292459887466
2017-10-08,46967.14095021656,46967.14095021656,16.7770063910081,16.7770063910081
2017-10-09,46975.112432524635,46975.112432524635,16.779720322128732,16.779720322128732
2017-10-10,46983.08391483271,46983.08391483271,16.782434253249367,16.782434253249367
2017-10-11,46991.055397140786,46991.055397140786,16.78514818437,16.78514818437
2017-10-12,46999.02687944886,46999.02687944886,16.787862115490633,16.787862115490633
2017-10-13,47006.99836175694,47006.99836175694,16.790576046611267,16.790576046611267
2017-10-14,47014.96984406501,47014.96984406501,16.793289977731902,16.793289977731902
2017-10-15,47022.94132637308,47022.94132637308,16.796003908852533,16.796003908852533
2017-10-16,47030.91280868116,47030.91280868116,16.79871783997317,16.79871783997317
2017-10-17,47038.884290989234,47038.884290989234,16.801431771093803,16.801431771093803
2017-10-18,47046.85577329731,47046.85577329731,16.804145702214434,16.804145702214434
2017-10-19,47054.827255605385,47054.827255605385,16.80685963333507,16.80685963333507
2017-10-20,47062.79873791346,47062.79873791346,16.809573564455704,16.809573564455704
2017-10-21,47070.77022022154,47070.77022022154,16.812287495576335,16.812287495576335
2017-10-22,47078.74170252961,47078.74170252961,16.81500142669697,16.81500142669697
2017-10-23,47086.71318483769,47086.71318483769,16.817715357817605,16.817715357817605
2017-10-24,47094.68466714576,47094.68466714576,16.820429288938236,16.820429288938236
2017-10-25,47102.65614945383,47102.65614945383,16.82314322005887,16.82314322005887
2017-10-26,47110.62763176191,47110.62763176191,16.825857151179505,16.825857151179505
2017-10-27,47118.599114069984,47118.599114069984,16.828571082300137,16.828571082300137
2017-10-28,47126.570596378064,47126.570596378064,16.83128501342077,16.83128501342077
2017-10-29,47134.542078686136,47134.542078686136,16.833998944541406,16.833998944541406
2017-10-30,47142.51356099421,47142.51356099421,16.83671287566204,16.83671287566204
2017-10-31,47150.48504330229,47150.48504330229,16.839426806782672,16.839426806782672
2017-11-01,47158.45652561036,47158.45652561036,16.842140737903307,16.842140737903307
2017-11-02,47166.42800791844,47166.42800791844,16.844854669023942,16.844854669023942
2017-11-03,47174.39949022651,47174.39949022651,16.847568600144573,16.847568600144573
2017-11-04,47182.37097253458,47182.37097253458,16.850282531265208,16.850282531265208
2017-11-05,47190.34245484266,47190.34245484266,16.852996462385843,16.852996462385843
2017-11-06,47198.313937150735,47198.313937150735,16.855710393506474,16.855710393506474
2017-11-07,47206.285419458814,47206.285419458814,16.85842432462711,16.85842432462711
2017-11-08,47214.25690176689,47214.25690176689,16.861138255747743,16.861138255747743
2017-11-09,47222.22838407496,47222.22838407496,16.863852186868375,16.863852186868375
2017-11-10,47230.19986638304,47230.19986638304,16.86656611798901,16.86656611798901
2017-11-11,47238.17134869111,47238.17134869111,16.869280049109644,16.869280049109644
2017-11-12,47246.14283099918,47246.14283099918,16.871993980230275,16.871993980230275
2017-11-13,47254.11431330726,47254.11431330726,16.87470791135091,16.87470791135091
2017-11-14,47262.085795615334,47262.085795615334,16.877421842471545,16.877421842471545
2017-11-15,47270.05727792341,47270.05727792341,16.880135773592176,16.880135773592176
2017-11-16,47278.028760231486,47278.028760231486,16.88284970471281,16.88284970471281
2017-11-17,47286.00024253956,47286.00024253956,16.885563635833446,16.885563635833446
2017-11-18,47293.97172484764,47293.97172484764,16.888277566954077,16.888277566954077
2017-11-19,47301.94320715571,47301.94320715571,16.890991498074712,16.890991498074712
2017-11-20,47309.91468946378,47309.91468946378,16.893705429195347,16.893705429195347
2017-11-21,47317.88617177186,47317.88617177186,16.89641936031598,16.89641936031598
2017-11-22,47325.85765407993,47325.85765407993,16.899133291436613,16.899133291436613
2017-11-23,47333.82913638801,47333.82913638801,16.901847222557247,16.901847222557247
2017-11-24,47341.800618696085,47341.800618696085,16.904561153677882,16.904561153677882
2017-11-25,47349.77210100416,47349.77210100416,16.907275084798513,16.907275084798513
2017-11-26,47357.743583312236,47357.743583312236,16.909989015919148,16.909989015919148
2017-11-27,47365.71506562031,47365.71506562031,16.912702947039783,16.912702947039783
2017-11-28,47373.68654792839,47373.68654792839,16.915416878160414,16.915416878160414
2017-11-29,47381.65803023646,47381.65803023646,16.91813080928105,16.91813080928105
2017-11-30,47389.62951254453,47389.62951254453,16.920844740401684,16.920844740401684
2017-12-01,47397.60099485261,47397.60099485261,16.923558671522315,16.923558671522315
2017-12-02,47405.572477160684,47405.572477160684,16.92627260264295,16.92627260264295
2017-12-03,47413.54395946876,47413.54395946876,16.928986533763585,16.928986533763585
2017-12-04,47421.515441776835,47421.515441776835,16.931700464884216,16.931700464884216
2017-12-05,47429.48692408491,47429.48692408491,16.93441439600485,16.93441439600485
2017-12-06,47437.45840639299,47437.45840639299,16.937128327125485,16.937128327125485
2017-12-07,47445.42988870106,47445.42988870106,16.939842258246117,16.939842258246117
2017-12-08,47453.40137100914,47453.40137100914,16.94255618936675,16.94255618936675
2017-12-09,47461.37285331721,47461.37285331721,16.945270120487386,16.945270120487386
2017-12-10,47469.34433562528,47469.34433562528,16.947984051608017,16.947984051608017
2017-12-11,47477.31581793336,47477.31581793336,16.950697982728652,16.950697982728652
2017-12-12,47485.287300241434,47485.287300241434,16.953411913849287,16.953411913849287
2017-12-13,47493.258782549514,47493.258782549514,16.956125844969918,16.956125844969918
2017-12-14,47501.230264857586,47501.230264857586,16.958839776090553,16.958839776090553
2017-12-15,47509.20174716566,47509.20174716566,16.961553707211188,16.961553707211188
2017-12-16,47517.17322947374,47517.17322947374,16.96426763833182,16.96426763833182
2017-12-17,47525.14471178181,47525.14471178181,16.966981569452454,16.966981569452454
2017-12-18,47533.11619408989,47533.11619408989,16.96969550057309,16.96969550057309
2017-12-19,47541.08767639796,47541.08767639796,16.972409431693723,16.972409431693723
2017-12-20,47549.05915870603,47549.05915870603,16.975123362814355,16.975123362814355
2017-12-21,47557.03064101411,47557.03064101411,16.97783729393499,16.97783729393499
2017-12-22,47565.002123322185,47565.002123322185,16.980551225055624,16.980551225055624
2017-12-23,47572.973605630265,47572.973605630265,16.983265156176255,16.983265156176255
2017-12-24,47580.94508793834,47580.94508793834,16.98597908729689,16.98597908729689
